2013-01-01,104 台北二,17.9,12.6,8.5,12.8,207
2013-01-02,104 台北二,13.9,9.8,7.4,10.2,662
2013-01-03,104 台北二,12.6,6.2,4.5,7.1,742
2013-01-04,104 台北二,16.1,11.7,5.8,11.4,432
2013-01-05,104 台北二,15.1,9.1,5.3,9.5,880
2013-01-06,104 台北二,12.3,7.1,5.5,7.8,1074
2013-01-08,104 台北二,10,9.3,6.4,8.9,462
2013-01-09,104 台北二,11.1,8.7,4.6,8.4,656
2013-01-10,104 台北二,11.7,9.1,4.4,8.7,1032
2013-01-11,104 台北二,15.5,10.1,8,10.8,774
2013-01-12,104 台北二,14.5,9.1,5.4,9.4,726
2013-01-13,104 台北二,13,10.5,5.9,10.1,703
2013-01-15,104 台北二,12.6,12,10.3,11.8,930
2013-01-16,104 台北二,14.7,11.3,7.4,11.2,932
2013-01-17,104 台北二,15.5,13.8,11.2,13.6,1007
2013-01-18,104 台北二,20,13.2,8.8,13.7,1690
2013-01-19,104 台北二,15,10.9,6.2,10.8,901
2013-01-20,104 台北二,12.8,12,7.8,11.3,469
2013-01-22,104 台北二,13,12.2,7.2,11.3,706
2013-01-23,104 台北二,15,15,12.4,14.5,675
2013-01-24,104 台北二,14.3,14,10.6,13.4,810
2013-01-25,104 台北二,13.1,11.5,6.1,10.7,1131
2013-01-26,104 台北二,12,9.4,4.4,8.9,1285
2013-01-27,104 台北二,13,12.6,8.7,11.9,775
2013-01-29,104 台北二,15,12.5,9.9,12.5,1095
2013-01-30,104 台北二,12.2,11.2,4.3,10,1553
2013-01-31,104 台北二,10.5,10,9.7,10.1,1152
2013-02-01,104 台北二,10,9.4,6.4,8.9,1295
2013-02-02,104 台北二,10,10,8,9.6,1026
2013-02-03,104 台北二,10,3.9,2,4.8,100
2013-02-05,104 台北二,4,3,2,3,255
2013-02-06,104 台北二,13.9,11,11,11.6,175
2013-02-07,104 台北二,8,8,8,8,50
2013-02-08,104 台北二,13,13,13,13,50
2013-02-09,104 台北二,12,12,12,12,50
2013-02-17,104 台北二,15,15,14,14.8,115
2013-02-19,104 台北二,11.8,7.5,3.1,7.5,471
2013-02-20,104 台北二,10,8.7,8,8.8,270
2013-02-21,104 台北二,14.6,8.5,5.5,9.2,394
2013-02-22,104 台北二,10,5.5,2,5.7,680
2013-02-23,104 台北二,10,8.6,5.4,8.3,430
2013-02-24,104 台北二,12.5,6.6,5,7.5,1020
2013-02-27,104 台北二,8.7,6.8,4,6.6,1002
2013-02-28,104 台北二,7.7,5.9,3,5.7,273
2013-03-01,104 台北二,10,8.5,5.4,8.2,138
2013-03-02,104 台北二,10,8.8,8,8.9,70
2013-03-03,104 台北二,13,12,11,12,97
2013-03-05,104 台北二,11.6,8.1,7,8.6,457
2013-03-06,104 台北二,16.2,8.8,6.2,9.8,380
2013-03-07,104 台北二,10.3,8.7,6,8.4,619
2013-03-08,104 台北二,9.8,7.7,5.9,7.8,854
2013-03-09,104 台北二,10.2,7.4,5.8,7.7,598
2013-03-10,104 台北二,5.2,3.8,3,3.9,293
2013-03-12,104 台北二,17,14.2,5.7,13,477
2013-03-13,104 台北二,15,7.6,6,8.8,130
2013-03-14,104 台北二,12.7,7.8,7,8.6,547
2013-03-15,104 台北二,10.9,8,5.7,8.1,1225
2013-03-16,104 台北二,12,6.9,5.1,7.6,1115
2013-03-17,104 台北二,12.1,6.4,4.5,7.2,315
2013-03-19,104 台北二,11.8,10,6.4,9.6,550
2013-03-20,104 台北二,14,13.7,10.6,13.1,380
2013-03-21,104 台北二,12,6.6,5,7.4,1140
2013-03-22,104 台北二,13,11.2,5.7,10.5,520
2013-03-23,104 台北二,8.2,7,4.2,6.7,1332
2013-03-24,104 台北二,10,7.5,3,7.1,680
2013-03-26,104 台北二,14.4,7.1,5.3,8.2,652
2013-03-27,104 台北二,10,7.6,5,7.6,435
2013-03-28,104 台北二,10,8.9,8,9,478
2013-03-29,104 台北二,9.4,8.3,5.4,7.9,722
2013-03-30,104 台北二,10,7.7,6,7.8,431
2013-03-31,104 台北二,9.8,6.9,5,7.1,340
2013-04-02,104 台北二,12,11.5,11,11.5,61
2013-04-03,104 台北二,15.2,10.4,9.1,11.1,488
2013-04-06,104 台北二,8.8,8,7.2,8,167
2013-04-07,104 台北二,25,11.1,7,13.1,290
2013-04-09,104 台北二,17.2,11.4,5.2,11.3,895
2013-04-10,104 台北二,11.3,7.6,5.9,8,1366
2013-04-11,104 台北二,11.4,7.1,5,7.5,601
2013-04-12,104 台北二,8.4,5.4,4,5.7,1055
2013-04-13,104 台北二,10.3,9,3.7,8.2,385
2013-04-14,104 台北二,10.8,6.3,3,6.5,332
2013-04-16,104 台北二,11.7,9,5.5,8.8,534
2013-04-17,104 台北二,11.9,8.3,5.7,8.5,439
2013-04-18,104 台北二,11.8,8.4,5.2,8.4,589
2013-04-19,104 台北二,11,8,4.1,7.8,641
2013-04-20,104 台北二,9,6,4.3,6.2,772
2013-04-21,104 台北二,6.6,4.1,3,4.4,424
2013-04-23,104 台北二,10.6,5.9,3,6.3,320
2013-04-24,104 台北二,17.9,13.7,7.6,13.3,232
2013-04-25,104 台北二,13.4,8.4,6,8.9,567
2013-04-26,104 台北二,12.8,8.8,6.5,9.1,647
2013-04-27,104 台北二,8,6.1,4.1,6.1,370
2013-04-28,104 台北二,13.4,6.6,3.2,7.3,648
2013-04-30,104 台北二,14.8,10,3.8,9.7,560
2013-05-01,104 台北二,9.1,7.4,5,7.3,380
2013-05-02,104 台北二,10,6.8,5,7.1,415
2013-05-03,104 台北二,8.1,5.9,3.2,5.8,415
2013-05-04,104 台北二,18,18,18,18,90
2013-05-05,104 台北二,9.8,5.9,5,6.5,635
2013-05-07,104 台北二,13,9.3,5.9,9.4,420
2013-05-08,104 台北二,15.4,7.8,5.4,8.9,887
2013-05-09,104 台北二,9.8,6,5,6.5,571
2013-05-10,104 台北二,5.2,4,4,4.2,415
2013-05-11,104 台北二,6.1,4.1,3,4.3,570
2013-05-12,104 台北二,7.1,5.9,3,5.6,438
2013-05-14,104 台北二,7.3,3.1,3,3.9,480
2013-05-15,104 台北二,10.9,4.1,4,5.4,401
2013-05-16,104 台北二,12.4,3.8,2.5,5.2,389
2013-05-17,104 台北二,8,6.2,3,5.9,166
2013-05-18,104 台北二,16,15.7,15,15.6,71
2013-05-19,104 台北二,10,9.3,8,9.2,125
2013-05-21,104 台北二,16.3,5,5,7.3,80
2013-05-22,104 台北二,16,15.5,13,15.1,85
2013-05-23,104 台北二,13,12.8,12,12.7,90
2013-05-24,104 台北二,14,7.1,3,7.6,352
2013-05-25,104 台北二,11,8.1,4.8,8,363
2013-05-26,104 台北二,7,7,7,7,35
2013-05-28,104 台北二,13,6.5,6,7.7,92
2013-05-29,104 台北二,20,16.8,13,16.6,69
2013-05-30,104 台北二,13,10.6,7.2,10.4,196
2013-05-31,104 台北二,15,15,15,15,50
2013-06-01,104 台北二,19,16.4,3,14.2,438
2013-06-02,104 台北二,18,18,11.4,16.7,346
2013-06-04,104 台北二,19.8,19,11.5,17.7,396
2013-06-05,104 台北二,7,7,7,7,159
2013-06-06,104 台北二,18,18,18,18,330
2013-06-07,104 台北二,18,18,9.1,16.2,410
2013-06-08,104 台北二,18,18,18,18,495
2013-06-09,104 台北二,18,16.7,12,16,627
2013-06-11,104 台北二,18,18,15,17.4,393
2013-06-12,104 台北二,18,17.7,14.7,17.1,705
2013-06-15,104 台北二,18,18,14.9,17.4,723
2013-06-16,104 台北二,18,15.4,15,15.8,594
2013-06-18,104 台北二,18,18,18,18,429
2013-06-19,104 台北二,17.5,14,13,14.5,597
2013-06-20,104 台北二,16.3,15,15,15.3,1551
2013-06-21,104 台北二,18,15.4,14.6,15.8,391
2013-06-22,104 台北二,12,9.8,5,9.3,209
2013-06-23,104 台北二,17.6,16,13.2,15.8,764
2013-06-25,104 台北二,17.1,14,8,13.4,210
2013-06-26,104 台北二,17.7,15,11.8,14.9,330
2013-06-27,104 台北二,15,15,15,15,150
2013-06-28,104 台北二,16.4,15,15,15.3,1320
2013-06-29,104 台北二,12,12,12,12,330
2013-06-30,104 台北二,10,10,10,10,840
2013-07-02,104 台北二,7,6.3,6,6.4,840
2013-07-03,104 台北二,12,8.1,7,8.7,810
2013-07-04,104 台北二,17,7.3,4,8.6,1136
2013-07-05,104 台北二,16.8,5,5,7.4,1074
2013-07-10,104 台北二,15,15,15,15,25
2013-07-11,104 台北二,17,17,15.1,16.6,413
2013-07-12,104 台北二,17,17,16.7,16.9,870
2013-07-13,104 台北二,16.7,15,15,15.3,870
2013-07-14,104 台北二,17,17,17,17,690
2013-07-16,104 台北二,18,17.9,16,17.5,780
2013-07-17,104 台北二,15.7,15,13.9,14.9,420
2013-07-18,104 台北二,13,13,12.7,12.9,778
2013-07-19,104 台北二,13.5,12.5,10.9,12.4,650
2013-07-20,104 台北二,10,10,10,10,15
2013-07-24,104 台北二,10,10,10,10,21
2013-07-25,104 台北二,10,10,10,10,26
2013-07-27,104 台北二,18,18,16.2,17.6,319
2013-07-28,104 台北二,19,19,19,19,420
2013-07-30,104 台北二,20,20,20,20,300
2013-07-31,104 台北二,7,7,7,7,20
2013-08-01,104 台北二,20,20,20,20,360
2013-08-02,104 台北二,20,20,18.9,19.8,502
2013-08-03,104 台北二,20,20,20,20,480
2013-08-04,104 台北二,19.9,18,16.8,18.1,473
2013-08-06,104 台北二,12,12,12,12,44
2013-08-07,104 台北二,16,15.3,14.1,15.2,530
2013-08-08,104 台北二,10,10,10,10,40
2013-08-09,104 台北二,10,10,10,10,22
2013-08-21,104 台北二,15,14.9,14,14.7,1620
2013-08-24,104 台北二,15,15,15,15,2100
2013-08-25,104 台北二,15,15,13,14.6,900
2013-08-28,104 台北二,18,18,18,18,1050
2013-08-29,104 台北二,18,18,18,18,660
2013-08-30,104 台北二,18,18,18,18,330
2013-08-31,104 台北二,12,12,12,12,270
2013-09-01,104 台北二,14,12.2,11,12.3,270
2013-09-03,104 台北二,24.1,18,18,19.2,865
2013-09-04,104 台北二,20,20,20,20,840
2013-09-05,104 台北二,18,17.8,15,17.3,840
2013-09-06,104 台北二,26,25.9,17,24.1,4040
2013-09-07,104 台北二,20,18.2,16,18.1,1590
2013-09-08,104 台北二,20,18.6,15,18.2,2370
2013-09-10,104 台北二,16,15.9,15,15.7,2940
2013-09-11,104 台北二,16,14.2,10,13.7,2340
2013-09-12,104 台北二,18,16.6,16,16.8,1500
2013-09-13,104 台北二,17,16.5,16,16.5,1800
2013-09-14,104 台北二,17,16.3,16,16.4,1500
2013-09-15,104 台北二,13,10.2,10,10.7,1500
2013-09-17,104 台北二,13,13,13,13,900
2013-09-19,104 台北二,13,13,13,13,900
2013-09-24,104 台北二,23,22,22,22.2,410
2013-10-24,104 台北二,28,28,28,28,330
2013-10-25,104 台北二,29.2,28,28,28.2,510
2013-10-26,104 台北二,29,26.8,18.9,25.7,940
2013-10-27,104 台北二,28,28,26.3,27.7,540
2013-10-29,104 台北二,28,19.5,5.4,18.4,930
2013-10-30,104 台北二,18,17.7,9.3,16.1,900
2013-10-31,104 台北二,25,19.1,8.3,18.1,570
2013-11-01,104 台北二,8,8,8,8,150
2013-11-02,104 台北二,5,3.3,3,3.6,210
2013-11-03,104 台北二,7,7,7,7,60
2013-11-05,104 台北二,23,21.5,5,18.5,100
2013-11-06,104 台北二,20,4.2,2,6.9,385
2013-11-07,104 台北二,20,17,15,17.2,180
2013-11-08,104 台北二,15,15,15,15,75
2013-11-09,104 台北二,25,17.5,10,17.5,100
2013-11-10,104 台北二,27.4,20.6,10,19.8,365
2013-11-12,104 台北二,26,17.3,6.5,16.9,490
2013-11-13,104 台北二,27,14.4,10,16,555
2013-11-14,104 台北二,26.2,12.1,7.3,13.9,611
2013-11-15,104 台北二,29,6.1,3,10,554
2013-11-16,104 台北二,28.9,7.6,6,11.5,792
2013-11-17,104 台北二,35,12,5.6,15.3,995
2013-11-19,104 台北二,26.8,17,3,16.1,1790
2013-11-20,104 台北二,27.3,6.8,3,10.2,688
2013-11-21,104 台北二,30.7,13.2,3,14.6,382
2013-11-22,104 台北二,35,22,2,20.6,545
2013-11-23,104 台北二,35,20.6,3,19.9,745
2013-11-24,104 台北二,35,18.3,3,18.6,610
2013-11-26,104 台北二,35,29.1,13.1,27,602
2013-11-27,104 台北二,27.9,17,3,16.4,1367
2013-11-28,104 台北二,30,14.7,3.5,15.5,820
2013-11-29,104 台北二,25,14.8,3,14.5,822
2013-11-30,104 台北二,25,22,11,20.4,402
2013-12-01,104 台北二,20,13.6,2,12.6,286
2013-12-03,104 台北二,25.2,8.6,5.9,11.4,1444
2013-12-04,104 台北二,19,8.1,5,9.7,1124
2013-12-05,104 台北二,20,12.8,4.8,12.6,404
2013-12-06,104 台北二,17.4,8.6,3,9.2,314
2013-12-07,104 台北二,32,14.2,2,15.3,465
2013-12-08,104 台北二,26.7,20.3,10,19.5,365
2013-12-10,104 台北二,29.6,18.3,5.8,18.1,793
2013-12-11,104 台北二,23.1,10.7,2,11.4,605
2013-12-12,104 台北二,25,18.9,4.9,17.3,536
2013-12-13,104 台北二,26,18.9,2.5,17,629
2013-12-14,104 台北二,20,12.7,2,12,551
2013-12-15,104 台北二,18,12.9,7,12.8,500
2013-12-17,104 台北二,18.7,12.1,6,12.2,724
2013-12-18,104 台北二,15.1,9.8,5,9.9,715
2013-12-19,104 台北二,13.3,12.2,11.9,12.4,660
2013-12-20,104 台北二,15.9,11.6,7.2,11.6,505
2013-12-21,104 台北二,16.7,15.6,10.5,14.8,340
2013-12-22,104 台北二,16,12.3,10.7,12.7,310
2013-12-24,104 台北二,20,11.4,8,12.4,605
2013-12-25,104 台北二,15.9,11.4,9.7,12,850
2013-12-26,104 台北二,15.9,7.7,5,8.8,1005
2013-12-27,104 台北二,12.6,9.2,5.9,9.2,770
2013-12-28,104 台北二,14.4,9.2,7.7,9.9,570
2013-12-29,104 台北二,13.7,8.8,6,9.2,545
2013-12-31,104 台北二,15.7,13.8,8,13,415
2014-01-01,104 台北二,17.3,10.8,8,11.5,395
2014-01-02,104 台北二,18.9,13,7.8,13.1,345
2014-01-03,104 台北二,15,9.7,8,10.4,455
2014-01-04,104 台北二,11.8,8.7,7,9,1100
2014-01-05,104 台北二,10.3,5.5,4,6.2,1245
2014-01-07,104 台北二,8.5,5.5,4.3,5.8,835
2014-01-08,104 台北二,14.6,6.9,4.3,7.9,568
2014-01-09,104 台北二,9.6,5.9,4.9,6.5,1063
2014-01-10,104 台北二,11.4,6,3,6.5,1253
2014-01-11,104 台北二,10,7.5,3.9,7.3,1046
2014-01-12,104 台北二,9.6,4.5,3.6,5.4,790
2014-01-14,104 台北二,11.6,7.6,5.7,8,543
2014-01-15,104 台北二,6,5.6,5,5.6,670
2014-01-16,104 台北二,12,11.3,6,10.4,440
2014-01-17,104 台北二,10,8.6,3.4,7.8,310
2014-01-18,104 台北二,8,4.3,4,5,570
2014-01-19,104 台北二,12,10.5,5.5,9.8,705
2014-01-21,104 台北二,12,8.9,4.5,8.6,1182
2014-01-22,104 台北二,11,8.9,5.2,8.6,1111
2014-01-23,104 台北二,9,7.9,5.8,7.7,865
2014-01-24,104 台北二,11.3,10,3.9,9,1054
2014-01-25,104 台北二,9.6,7.3,5,7.3,1200
2014-01-26,104 台北二,9.3,5.9,5,6.4,900
2014-01-27,104 台北二,10.9,9.8,6.2,9.3,640
2014-01-28,104 台北二,7.6,7,6.7,7.1,865
2014-01-29,104 台北二,8.7,5.9,4.9,6.3,1455
2014-01-30,104 台北二,7,6.1,4.2,5.9,560
2014-02-05,104 台北二,10.8,9.4,6.5,9.1,1175
2014-02-06,104 台北二,10,9,5.6,8.6,1049
2014-02-07,104 台北二,9.9,6.8,3,6.7,1275
2014-02-08,104 台北二,7.4,3.8,2.4,4.2,1044
2014-02-09,104 台北二,10.4,4.3,3,5.2,1613
2014-02-11,104 台北二,10,5.3,3,5.8,669
2014-02-12,104 台北二,9.3,4.5,2.6,5.1,959
2014-02-13,104 台北二,6,3.4,2,3.6,794
2014-02-14,104 台北二,6,3.5,2,3.7,255
2014-02-18,104 台北二,7.8,4.5,4,5.1,645
2014-02-19,104 台北二,9,5.8,2.5,5.8,670
2014-02-20,104 台北二,6,4.8,3.3,4.8,1050
2014-02-21,104 台北二,10,7.7,4.9,7.6,470
2014-02-22,104 台北二,7.2,5.6,5,5.8,720
2014-02-23,104 台北二,7.5,6,3.5,5.8,1160
2014-02-25,104 台北二,9.3,5.2,4,5.8,1042
2014-02-26,104 台北二,7.7,4.7,3.3,5,1272
2014-02-27,104 台北二,7.8,5.4,3.3,5.4,997
2014-02-28,104 台北二,9.8,3.1,3,4.4,780
2014-03-01,104 台北二,8,5,3.5,5.3,570
2014-03-02,104 台北二,7,5.9,4.2,5.8,560
2014-03-04,104 台北二,8.9,5.5,3,5.7,667
2014-03-05,104 台北二,5,4.5,3,4.3,735
2014-03-06,104 台北二,9,8.8,3,7.7,383
2014-03-07,104 台北二,8,5.4,2.7,5.4,452
2014-03-08,104 台北二,7,6.1,4.8,6,441
2014-03-09,104 台北二,5.7,5.5,3.8,5.2,480
2014-03-11,104 台北二,9,9,6.6,8.5,245
2014-03-12,104 台北二,10,9.9,9,9.8,510
2014-03-13,104 台北二,11.4,8.4,5.5,8.4,598
2014-03-14,104 台北二,10.3,6,4.4,6.5,956
2014-03-15,104 台北二,11.2,6.3,5.2,7.1,1627
2014-03-16,104 台北二,11.4,6.3,4.8,7,1816
2014-03-18,104 台北二,7.9,5.9,4.4,6,2023
2014-03-19,104 台北二,8.9,4.7,3.1,5.2,1398
2014-03-20,104 台北二,11.4,7,5.3,7.6,1273
2014-03-21,104 台北二,9.6,6.3,4,6.5,2053
2014-03-22,104 台北二,9.5,6,4.4,6.4,2172
2014-03-23,104 台北二,8.6,5.6,3.7,5.8,2400
2014-03-25,104 台北二,9.7,5.9,3.5,6.2,1159
2014-03-26,104 台北二,11,5.9,3,6.3,1046
2014-03-27,104 台北二,5,3.9,2,3.8,750
2014-03-28,104 台北二,12,7.2,3.9,7.5,625
2014-03-29,104 台北二,10,5.9,4,6.3,780
2014-03-30,104 台北二,11.6,5.4,3.6,6.3,560
2014-04-01,104 台北二,5,4.1,4,4.3,285
2014-04-02,104 台北二,19,15.2,2,13.3,300
2014-04-03,104 台北二,12,8.8,2.4,8.1,332
2014-04-04,104 台北二,19.5,8.8,2,9.6,609
2014-04-08,104 台北二,19.2,9.5,5.7,10.7,1365
2014-04-09,104 台北二,12.9,7.7,5.2,8.3,2148
2014-04-10,104 台北二,13,9.1,4,8.8,1145
2014-04-11,104 台北二,11.9,6.8,3,7.1,1740
2014-04-12,104 台北二,9.4,6.2,2.8,6.2,1525
2014-04-13,104 台北二,12.1,7.2,3.5,7.5,1455
2014-04-15,104 台北二,16.2,6.5,4.1,7.9,1498
2014-04-16,104 台北二,9,5.8,3.1,5.9,1255
2014-04-17,104 台北二,8,6.3,2.5,5.9,1467
2014-04-18,104 台北二,8.9,6.3,2.2,6,634
2014-04-19,104 台北二,7.2,3.1,1.7,3.6,1020
2014-04-20,104 台北二,7,4.7,2,4.6,620
2014-04-22,104 台北二,10,5.6,4,6.1,630
2014-04-23,104 台北二,8,7.3,3.2,6.6,405
2014-04-24,104 台北二,11,10.2,6,9.5,240
2014-04-25,104 台北二,8,4.2,2.7,4.7,450
2014-04-26,104 台北二,14,13.7,12,13.4,210
2014-04-27,104 台北二,14.7,9.1,7,9.8,1040
2014-04-29,104 台北二,8.5,7.5,3.6,6.9,630
2014-04-30,104 台北二,7.6,3.9,3,4.5,920
2014-05-01,104 台北二,12,9.3,6,9.2,290
2014-05-02,104 台北二,15,8.4,6.1,9.2,260
2014-05-03,104 台北二,15,8.5,4,8.9,605
2014-05-04,104 台北二,11,8.9,6,8.7,405
2014-05-06,104 台北二,9,6.9,4,6.7,360
2014-05-07,104 台北二,10,10,9.4,9.9,400
2014-05-08,104 台北二,12.1,7,6,7.8,730
2014-05-09,104 台北二,9,9,7.6,8.7,320
2014-05-10,104 台北二,10.4,8,5,7.9,635
2014-05-11,104 台北二,8.9,6.2,3.9,6.3,1056
2014-05-13,104 台北二,10.6,8.1,4.3,7.8,440
2014-05-14,104 台北二,10.7,7.2,6,7.7,410
2014-05-15,104 台北二,11.6,8.6,7,8.9,510
2014-05-16,104 台北二,10.3,7.2,3.2,7,700
2014-05-17,104 台北二,9.4,4.5,3,5.2,718
2014-05-18,104 台北二,11,7.8,4.4,7.8,595
2014-05-20,104 台北二,12,12,12,12,30
2014-05-21,104 台北二,6,6,4.6,5.7,287
2014-05-22,104 台北二,13,8,5.7,8.6,440
2014-05-23,104 台北二,14.6,11.8,5.8,11.2,470
2014-05-24,104 台北二,12.8,7.5,6.4,8.3,1020
2014-05-25,104 台北二,8.4,4.6,3,5,1013
2014-05-27,104 台北二,8,6,4.1,6,1000
2014-05-28,104 台北二,7,7,7,7,225
2014-05-29,104 台北二,5.9,3.7,2.4,3.9,1325
2014-05-30,104 台北二,4,4,4,4,150
2014-05-31,104 台北二,6,3.8,2.8,4,630
2014-06-01,104 台北二,3,3,3,3,600
2014-06-05,104 台北二,6,4.7,4,4.8,300
2014-06-12,104 台北二,5,5,5,5,700
2014-06-14,104 台北二,8,8,8,8,300
2014-06-17,104 台北二,7,7,7,7,100
2014-06-18,104 台北二,13,9.8,4,9.3,500
2014-06-19,104 台北二,8,6.9,5,6.8,800
2014-06-20,104 台北二,10,8.3,5,8,560
2014-06-21,104 台北二,8,6.7,3.5,6.3,795
2014-06-22,104 台北二,6,5.2,3,4.9,755
2014-06-24,104 台北二,6,5.6,5,5.6,275
2014-06-26,104 台北二,8,7.6,6,7.4,235
2014-06-27,104 台北二,10,9.1,6,8.7,225
2014-06-28,104 台北二,14,12.6,5,11.4,425
2014-06-29,104 台北二,15,10.7,3,10,425
2014-07-01,104 台北二,7,7,7,7,450
2014-07-02,104 台北二,10,8.8,7.5,8.8,450
2014-07-03,104 台北二,10,9.8,8.5,9.6,300
2014-07-04,104 台北二,5,4.9,4,4.8,400
2014-07-05,104 台北二,8,3.4,2,4,265
2014-07-13,104 台北二,16,16,16,16,150
2014-07-15,104 台北二,13,13,13,13,300
2014-07-16,104 台北二,16,16,16,16,300
2014-07-17,104 台北二,8,8,7.2,7.8,750
2014-07-18,104 台北二,7.9,6.9,6,6.9,330
2014-07-22,104 台北二,14,14,14,14,300
2014-07-23,104 台北二,16,14.3,14,14.6,300
2014-07-24,104 台北二,10,10,10,10,300
2014-07-25,104 台北二,11,10.3,7,9.8,480
2014-07-26,104 台北二,7,7,7,7,300
2014-07-27,104 台北二,9,9,9,9,300
2014-07-29,104 台北二,8,8,7.4,7.9,480
2014-07-30,104 台北二,8,8,8,8,300
2014-07-31,104 台北二,13,13,13,13,150
2014-08-01,104 台北二,10,10,10,10,210
2014-08-02,104 台北二,12,12,12,12,300
2014-08-03,104 台北二,13,13,13,13,300
2014-08-05,104 台北二,13,11.8,10,11.7,450
2014-08-06,104 台北二,10,7.3,7,7.8,450
2014-08-07,104 台北二,10,9.2,9,9.3,300
2014-08-08,104 台北二,9,9,9,9,300
2014-08-09,104 台北二,10,8.3,7,8.4,300
2014-08-10,104 台北二,11,11,11,11,210
2014-08-13,104 台北二,10,8.3,8,8.6,300
2014-08-15,104 台北二,10,10,10,10,300
2014-08-16,104 台北二,11,9.7,8,9.6,450
2014-08-17,104 台北二,9,8.8,8,8.7,450
2014-08-19,104 台北二,12,12,12,12,150
2014-08-20,104 台北二,9,5.7,5,6.2,300
2014-08-21,104 台北二,8,7.5,6,7.3,330
2014-08-22,104 台北二,12,11.7,6,10.6,195
2014-08-23,104 台北二,15,14.7,9.3,13.7,336
2014-08-24,104 台北二,7,6.3,6,6.4,240
2014-08-26,104 台北二,10,9.7,8,9.4,300
2014-08-27,104 台北二,12,11.3,7,10.6,420
2014-08-28,104 台北二,8,8,8,8,300
2014-08-29,104 台北二,8,8,8,8,300
2014-08-30,104 台北二,10,9,9,9.2,300
2014-08-31,104 台北二,7,6,6,6.2,300
2014-09-02,104 台北二,15,11.4,6.2,11.1,390
2014-09-03,104 台北二,9,9,9,9,150
2014-09-04,104 台北二,10,9.9,5.1,8.9,675
2014-09-06,104 台北二,13,11.7,11,11.8,150
2014-09-07,104 台北二,11,9.3,8,9.4,300
2014-09-08,104 台北二,8,7,5,6.8,150
2014-09-11,104 台北二,10,9.5,9,9.5,300
2014-09-12,104 台北二,12,9.9,5,9.3,390
2014-09-13,104 台北二,11,10.1,3,8.9,750
2014-09-14,104 台北二,12,9.6,8,9.7,690
2014-09-16,104 台北二,10,8,6,8,600
2014-09-17,104 台北二,12,8.8,6.7,9,510
2014-09-18,104 台北二,12,8.8,5,8.7,600
2014-09-19,104 台北二,5,5,5,5,300
2014-09-20,104 台北二,16,10.8,7,11.1,700
2014-09-21,104 台北二,19,18.5,15,17.9,300
2014-09-23,104 台北二,17,8.9,7,10.2,900
2014-09-24,104 台北二,10,8.8,8,8.9,1050
2014-09-25,104 台北二,10,7.4,5.3,7.5,1080
2014-09-26,104 台北二,8,5.9,5,6.1,1080
2014-09-27,104 台北二,7,4.4,3.8,4.8,977
2014-09-28,104 台北二,8,7.1,5,6.9,780
2014-09-30,104 台北二,8,8,7.5,7.9,840
2014-10-01,104 台北二,6.9,4,4,4.6,780
2014-10-02,104 台北二,15,4.4,4,6.4,750
2014-10-03,104 台北二,6,5,4,5,900
2014-10-04,104 台北二,11.3,7.1,7,7.9,900
2014-10-05,104 台北二,13.4,9,8.4,9.8,750
2014-10-07,104 台北二,12,12,12,12,120
2014-10-08,104 台北二,12,7.9,6,8.3,780
2014-10-09,104 台北二,9,8.1,8,8.3,810
2014-10-10,104 台北二,23,10.9,6,12.3,1180
2014-10-11,104 台北二,11.2,6.8,6,7.5,1330
2014-10-12,104 台北二,8.5,4.7,4,5.3,1440
2014-10-14,104 台北二,8,6.3,5,6.4,1210
2014-10-15,104 台北二,7.4,4.6,4,5,1050
2014-10-16,104 台北二,10,8.7,8,8.8,150
2014-10-17,104 台北二,5.5,4,4,4.3,510
2014-10-18,104 台北二,8,7.2,6.3,7.2,900
2014-10-19,104 台北二,10,6.5,5.2,6.9,900
2014-10-21,104 台北二,8.2,5,3.5,5.3,1230
2014-10-22,104 台北二,8,6.5,5,6.5,600
2014-10-23,104 台北二,11.7,5.6,4,6.5,810
2014-10-24,104 台北二,9.3,4.4,4,5.3,1110
2014-10-25,104 台北二,9.5,4.1,3,4.9,930
2014-10-26,104 台北二,8,6.2,2.5,5.8,600
2014-10-28,104 台北二,7.1,3.5,2,3.9,830
2014-10-29,104 台北二,6,3.5,3,3.9,720
2014-10-30,104 台北二,6.1,4.6,3.6,4.7,420
2014-10-31,104 台北二,6.4,2.6,2,3.3,2470
2014-11-01,104 台北二,7.1,3,3,3.8,970
2014-11-02,104 台北二,2.6,1.8,1.5,1.9,1090
2014-11-04,104 台北二,5,3,3,3.4,715
2014-11-05,104 台北二,3,2.6,2,2.6,505
2014-11-06,104 台北二,12,3.2,3,5,444
2014-11-07,104 台北二,13,9.6,5,9.4,230
2014-11-08,104 台北二,10.2,4.8,4,5.7,489
2014-11-09,104 台北二,8.6,2.7,2,3.8,670
2014-11-11,104 台北二,13.6,8.9,3,8.7,275
2014-11-12,104 台北二,15,7.1,5,8.3,445
2014-11-13,104 台北二,9.5,4.3,2.6,5,575
2014-11-14,104 台北二,12,7.6,2,7.3,120
2014-11-15,104 台北二,16.5,7.2,2,8,310
2014-11-16,104 台北二,13,7.2,7,8.3,740
2014-11-18,104 台北二,12.9,6.6,4.5,7.4,820
2014-11-19,104 台北二,13.7,5.9,3.5,7,860
2014-11-20,104 台北二,17.7,9.2,7,10.4,900
2014-11-21,104 台北二,17.4,7.1,5,8.7,1032
2014-11-22,104 台北二,17.3,8.1,5,9.3,1210
2014-11-23,104 台北二,19.2,6.6,4.1,8.6,1110
2014-11-25,104 台北二,12.5,5.1,3.6,6.3,1160
2014-11-26,104 台北二,18.5,7.4,5,9.2,820
2014-11-27,104 台北二,18.8,7.1,3.4,8.7,1180
2014-11-28,104 台北二,12.9,5.4,2.7,6.3,1940
2014-11-29,104 台北二,14,5.5,3,6.7,1500
2014-11-30,104 台北二,9.9,4,3,5,1150
2014-12-02,104 台北二,14.9,4.7,2.4,6.3,1780
2014-12-03,104 台北二,17.6,4.1,3.5,6.7,870
2014-12-04,104 台北二,12.5,4.8,2.8,6,1660
2014-12-05,104 台北二,19.8,5.2,3,7.7,850
2014-12-06,104 台北二,13.4,4.1,2.2,5.6,1070
2014-12-07,104 台北二,18,15.8,2,13.5,400
2014-12-09,104 台北二,11.3,5.7,2.6,6.2,1276
2014-12-10,104 台北二,15.2,5.4,3,6.9,1433
2014-12-11,104 台北二,6.2,2.2,2,3,810
2014-12-12,104 台北二,17.6,4.1,2,6.4,1065
2014-12-13,104 台北二,14.4,6.2,2,7,1420
2014-12-14,104 台北二,13,7.5,2,7.5,1550
2014-12-16,104 台北二,14,8,2,8,1650
2014-12-17,104 台北二,14.7,10.2,7.4,10.5,980
2014-12-18,104 台北二,15,10.2,6.8,10.5,885
2014-12-19,104 台北二,16.2,9.5,5.9,10.1,955
2014-12-20,104 台北二,16,13.8,7.1,12.9,620
2014-12-21,104 台北二,15.6,13.2,7.7,12.6,898
2014-12-23,104 台北二,14.6,7,3,7.7,165
2014-12-24,104 台北二,15.5,11.8,9.3,12,515
2014-12-25,104 台北二,15,12.4,6.7,11.8,495
2014-12-26,104 台北二,15,13.5,8.1,12.7,510
2014-12-27,104 台北二,11.4,9.5,5.4,9.1,830
2014-12-28,104 台北二,13.1,10,7,10,1090
2014-12-30,104 台北二,14.9,13.9,8.1,13,675
2014-12-31,104 台北二,15.2,12.9,6.1,12,1320
2015-01-01,104 台北二,12.7,10.4,6.2,10,1445
2015-01-02,104 台北二,13.5,10.7,7.6,10.6,1280
2015-01-03,104 台北二,15,14.5,6.8,13,1060
2015-01-04,104 台北二,12,10.8,9.2,10.7,1055
2015-01-06,104 台北二,18.3,12,11.2,13.1,1070
2015-01-07,104 台北二,14,13.2,10.2,12.7,665
2015-01-08,104 台北二,14,11.3,4.5,10.5,1395
2015-01-09,104 台北二,12,11.2,7.2,10.6,1360
2015-01-10,104 台北二,13,10.5,6,10.1,1495
2015-01-11,104 台北二,13.9,9.8,6.3,9.9,2290
2015-01-13,104 台北二,10.4,9.3,8,9.2,2065
2015-01-14,104 台北二,9.6,8.3,7.5,8.4,1550
2015-01-15,104 台北二,10.6,8.6,6,8.5,860
2015-01-16,104 台北二,11.8,8.1,5.1,8.2,1136
2015-01-17,104 台北二,12.6,11.6,6.9,10.8,505
2015-01-18,104 台北二,12.3,10.2,6.5,9.9,930
2015-01-20,104 台北二,13.4,10.2,5.8,10,1230
2015-01-21,104 台北二,13.4,8.7,3.8,8.6,1390
2015-01-22,104 台北二,14.7,8.8,5.6,9.4,1385
2015-01-23,104 台北二,9,8.8,6.2,8.4,940
2015-01-24,104 台北二,14.1,12.2,6.9,11.5,1127
2015-01-25,104 台北二,12.2,9.1,7,9.3,1081
2015-01-27,104 台北二,16,9.6,5.8,10.1,1382
2015-01-28,104 台北二,16,9.2,7.5,10.2,995
2015-01-29,104 台北二,10.6,9.1,7.8,9.2,953
2015-01-30,104 台北二,8.6,5.9,4.4,6.1,1050
2015-01-31,104 台北二,8,7.3,6,7.2,926
2015-02-01,104 台北二,9.5,8.5,5.5,8.1,1586
2015-02-03,104 台北二,10.2,5.1,5,6.1,1500
2015-02-04,104 台北二,5,4.6,3.9,4.5,1050
2015-02-05,104 台北二,8.1,5.1,5,5.7,1200
2015-02-06,104 台北二,9.1,5.8,4,6.1,1490
2015-02-07,104 台北二,9,8.6,7,8.4,520
2015-02-08,104 台北二,3,3,3,3,60
2015-02-10,104 台北二,22,16.5,10,16.3,320
2015-02-11,104 台北二,20.6,14.8,11.3,15.3,750
2015-02-12,104 台北二,17.3,12.7,10,13.1,940
2015-02-13,104 台北二,18.7,14,11.8,14.5,1040
2015-02-14,104 台北二,14.4,12.4,6.5,11.6,2085
2015-02-15,104 台北二,14.5,12.7,9.7,12.5,2185
2015-02-16,104 台北二,8.4,5.5,3.8,5.7,1255
2015-02-17,104 台北二,9,4.3,2.8,5,315
2015-02-24,104 台北二,18,12.3,7,12.4,290
2015-02-25,104 台北二,19,19,19,19,120
2015-02-26,104 台北二,20,18.3,18,18.6,210
2015-02-28,104 台北二,16,13.1,12,13.5,650
2015-03-01,104 台北二,17.5,15.4,8.5,14.4,530
2015-03-03,104 台北二,16.7,11.8,7.4,11.9,1070
2015-03-04,104 台北二,13.8,6.2,4.4,7.4,675
2015-03-05,104 台北二,13.8,10.1,6.3,10.1,1350
2015-03-06,104 台北二,13.7,8.1,6,8.8,900
2015-03-10,104 台北二,9.3,7.5,4.6,7.3,1350
2015-03-11,104 台北二,11,8.7,4.4,8.3,1020
2015-03-12,104 台北二,13,13,13,13,90
2015-03-13,104 台北二,5,5,5,5,300
2015-03-14,104 台北二,13.9,10.1,10,10.9,420
2015-03-15,104 台北二,6,5.3,5,5.4,370
2015-03-17,104 台北二,20.1,15.3,9,15,270
2015-03-18,104 台北二,12.5,8.6,7,9.1,570
2015-03-19,104 台北二,15,10,4,9.8,485
2015-03-20,104 台北二,13.8,11.4,3.7,10.3,1030
2015-03-21,104 台北二,15,9.3,3.7,9.3,655
2015-03-22,104 台北二,15,12.4,5.4,11.5,565
2015-03-24,104 台北二,15,12.1,6.2,11.5,1230
2015-03-25,104 台北二,13,8,6,8.6,550
2015-03-26,104 台北二,12,10,7,9.8,410
2015-03-27,104 台北二,10,7.1,4.7,7.2,531
2015-03-28,104 台北二,11.9,7.8,4,7.9,865
2015-03-29,104 台北二,26.1,6,3.8,9.6,203
2015-03-31,104 台北二,18.8,13.2,11.8,14,1990
2015-04-01,104 台北二,13.4,11.4,7.5,11,1260
2015-04-02,104 台北二,14.3,10.8,8.3,11,970
2015-04-03,104 台北二,9.5,6.7,4.4,6.8,2180
2015-04-04,104 台北二,12.9,10.3,9.6,10.7,2074
2015-04-07,104 台北二,10,7.3,4,7.2,900
2015-04-08,104 台北二,12.5,10.5,5.5,9.9,1130
2015-04-09,104 台北二,12,7.3,4.3,7.7,1680
2015-04-10,104 台北二,8.9,6.3,4.5,6.5,1170
2015-04-11,104 台北二,10,7.3,2.3,6.8,840
2015-04-12,104 台北二,5,4.2,2.8,4.1,1434
2015-04-14,104 台北二,14.4,12,8.8,11.8,750
2015-04-15,104 台北二,12,11.4,8.7,11,1190
2015-04-16,104 台北二,13.1,9,7.1,9.4,621
2015-04-17,104 台北二,11.1,9.4,6.8,9.2,810
2015-04-18,104 台北二,15.8,11.6,10,12.1,915
2015-04-19,104 台北二,10,8.3,5,8,250
2015-04-21,104 台北二,15,12.1,9.5,12.1,420
2015-04-23,104 台北二,22,20.5,3.9,17.5,218
2015-04-24,104 台北二,16,12.4,9.8,12.6,820
2015-04-25,104 台北二,18,16.1,12,15.6,420
2015-04-26,104 台北二,15.9,12.2,10,12.5,480
2015-04-28,104 台北二,20.9,17.3,12,16.9,480
2015-04-29,104 台北二,15,12,6.6,11.5,390
2015-04-30,104 台北二,18,15.4,10.8,15,360
2015-05-01,104 台北二,18.8,12.7,6.6,12.7,975
2015-05-02,104 台北二,16.2,13.2,10,13.2,690
2015-05-03,104 台北二,18.5,11.9,10,12.9,690
2015-05-05,104 台北二,17,16.8,12,15.9,270
2015-05-06,104 台北二,14.3,12.1,10.1,12.1,940
2015-05-07,104 台北二,14.8,10.7,8,11,500
2015-05-08,104 台北二,16.2,12,11,12.6,330
2015-05-09,104 台北二,18.5,12.6,11.5,13.6,1275
2015-05-10,104 台北二,20,16.5,11.7,16.2,430
2015-05-12,104 台北二,15,13.7,10.4,13.3,460
2015-05-13,104 台北二,17,16.5,12,15.7,340
2015-05-14,104 台北二,16.1,10.2,5.7,10.5,1040
2015-05-15,104 台北二,15,9.6,6.1,10,1040
2015-05-16,104 台北二,16.5,12.2,9.9,12.6,905
2015-05-17,104 台北二,12,11.2,10,11.1,415
2015-05-19,104 台北二,16,14.5,6.7,13.3,605
2015-05-20,104 台北二,17,14.2,8.5,13.7,615
2015-05-21,104 台北二,13.2,12.1,7,11.3,491
2015-05-22,104 台北二,19.1,14,12,14.6,212
2015-05-23,104 台北二,14.3,11.7,9.5,11.8,1025
2015-05-24,104 台北二,15.7,11.8,7.2,11.7,442
2015-05-26,104 台北二,19,12,5,12,577
2015-05-27,104 台北二,18,15.2,12.1,15.2,516
2015-05-28,104 台北二,18.3,12.8,9.9,13.3,1031
2015-05-29,104 台北二,21,17.4,15.1,17.6,338
2015-05-30,104 台北二,16.4,12.2,11.4,12.9,1968
2015-05-31,104 台北二,18.3,12.6,10,13.2,370
2015-06-02,104 台北二,15,15,15,15,279
2015-06-03,104 台北二,15,9.9,8.5,10.7,586
2015-06-04,104 台北二,15,14.7,5,12.8,460
2015-06-05,104 台北二,15,14.3,13,14.2,450
2015-06-06,104 台北二,15,13.5,11,13.3,634
2015-06-07,104 台北二,15,14.4,12.6,14.2,362
2015-06-09,104 台北二,15,13.5,6.8,12.5,772
2015-06-10,104 台北二,15,14.4,14,14.4,210
2015-06-11,104 台北二,17,12.8,12,13.5,700
2015-06-12,104 台北二,12,11.7,11,11.6,150
2015-06-13,104 台北二,14.8,13,10.8,12.9,1030
2015-06-14,104 台北二,15,14.3,12,14,270
2015-06-16,104 台北二,17,14.2,14,14.7,630
2015-06-17,104 台北二,17,13.1,13,13.8,855
2015-06-18,104 台北二,17,15.4,13,15.3,480
2015-06-19,104 台北二,13,12.9,10,12.4,830
2015-06-20,104 台北二,15,14.5,14,14.5,300
2015-06-23,104 台北二,10,10,10,10,150
2015-06-24,104 台北二,13,13,13,13,90
2015-06-25,104 台北二,16,16,16,16,90
2015-06-26,104 台北二,13,12.6,12,12.6,270
2015-06-27,104 台北二,13,13,13,13,210
2015-06-28,104 台北二,12,12,12,12,120
2015-06-30,104 台北二,12,12,11,11.8,675
2015-07-01,104 台北二,15,13,13,13.4,150
2015-07-02,104 台北二,17,17,17,17,120
2015-07-03,104 台北二,14.8,13,13,13.4,675
2015-07-04,104 台北二,18,12.7,12,13.6,340
2015-07-05,104 台北二,18,18,18,18,270
2015-07-07,104 台北二,18,13.5,13,14.3,1095
2015-07-08,104 台北二,18,15,13,15.2,270
2015-07-09,104 台北二,18,15,9,14.4,480
2015-07-10,104 台北二,17.3,13,12,13.6,875
2015-07-11,104 台北二,13,13,13,13,300
2015-07-12,104 台北二,18,17.2,13,16.5,300
2015-07-14,104 台北二,18,18,18,18,390
2015-07-15,104 台北二,18,17.6,13.3,16.8,540
2015-07-16,104 台北二,18,17.2,10.8,16.1,510
2015-07-17,104 台北二,17,17,17,17,300
2015-07-18,104 台北二,38,32.8,13.2,29.9,1816
2015-07-19,104 台北二,18,17.3,17,17.4,150
2015-07-21,104 台北二,18,14.3,12,14.6,420
2015-07-22,104 台北二,18,14.7,12,14.9,390
2015-07-23,104 台北二,17.4,13.1,10,13.3,1300
2015-07-24,104 台北二,17,13.2,8.7,13,900
2015-07-25,104 台北二,18,12.3,9.2,12.8,750
2015-07-26,104 台北二,38,28.1,8,26.1,720
2015-07-28,104 台北二,18,13.9,10.7,14.1,1155
2015-07-29,104 台北二,17,12,10,12.6,480
2015-07-30,104 台北二,38,37.4,15.4,33.1,1455
2015-07-31,104 台北二,18,12.3,10.1,13,780
2015-08-05,104 台北二,12,12,12,12,825
2015-08-06,104 台北二,57,33,18.3,34.9,3504
2015-08-07,104 台北二,19.4,13.6,12,14.4,1090
2015-08-08,104 台北二,18,16.1,12,15.7,390
2015-08-09,104 台北二,18,18,18,18,240
2015-08-11,104 台北二,18,18,18,18,300
2015-08-12,104 台北二,18,17.2,15,16.9,420
2015-08-13,104 台北二,19.6,15,15,15.9,330
2015-08-14,104 台北二,16.4,14,8,13.3,1300
2015-08-15,104 台北二,18,12.3,7,12.4,840
2015-08-16,104 台北二,15,12,12,12.6,300
2015-08-18,104 台北二,24,20.7,19,21,300
2015-08-19,104 台北二,19,18.3,10,16.8,420
2015-08-20,104 台北二,25,16.7,12,17.4,360
2015-08-21,104 台北二,21.1,19,14.1,18.4,1060
2015-08-22,104 台北二,20,19.4,19,19.5,330
2015-08-23,104 台北二,19,13,10,13.6,1080
2015-08-25,104 台北二,15,10.4,8,10.9,450
2015-08-26,104 台北二,19.2,17,15.7,17.2,1350
2015-08-27,104 台北二,22,13.6,7,14,750
2015-08-28,104 台北二,20,19.4,19,19.4,360
2015-09-01,104 台北二,19,18.4,17,18.2,390
2015-09-02,104 台北二,57,57,37.5,53.1,1800
2015-09-03,104 台北二,20,20,20,20,820
2015-09-04,104 台北二,24,18.1,3,16.3,1540
2015-09-05,104 台北二,57,51.4,29.4,48.1,3038
2015-09-06,104 台北二,24.7,21.3,9.7,19.7,1095
2015-09-08,104 台北二,26,23.7,23,24,450
2015-09-09,104 台北二,57,49.3,23.9,45.7,2922
2015-09-10,104 台北二,26,21.1,15,20.9,840
2015-09-11,104 台北二,26,24.6,19,23.7,570
2015-09-12,104 台北二,26,26,26,26,450
2015-09-13,104 台北二,28,28,28,28,180
2015-09-15,104 台北二,36,31.1,22,30.3,2842
2015-09-16,104 台北二,30,26.9,21.1,26.4,480
2015-09-17,104 台北二,30,28.4,23.5,27.7,510
2015-09-18,104 台北二,30,24,21,24.6,890
2015-09-19,104 台北二,30,20.9,12,20.9,740
2015-09-20,104 台北二,30,29.3,28,29.2,300
2015-09-22,104 台北二,30,28.5,24.5,28,510
2015-09-23,104 台北二,29.4,22.1,18,22.7,1095
2015-09-24,104 台北二,28,28,28,28,420
2015-09-25,104 台北二,28,19.9,12,20,1155
2015-09-26,104 台北二,45,41,28.1,39.2,2910
2015-09-27,104 台北二,28,28,28,28,450
2015-09-30,104 台北二,28,20.5,18,21.5,690
2015-10-01,104 台北二,28,28,28,28,420
2015-10-02,104 台北二,28,28,23.4,27.1,390
2015-10-03,104 台北二,28,19.3,18,20.8,750
2015-10-04,104 台北二,30,30,18,27.6,300
2015-10-06,104 台北二,33,23.4,18,24.2,1010
2015-10-07,104 台北二,33,28.6,18,27.4,480
2015-10-08,104 台北二,33,30.5,22.9,29.5,510
2015-10-09,104 台北二,32.4,24.3,22,25.4,1300
2015-10-10,104 台北二,33,31,24,30,600
2015-10-11,104 台北二,33,30.9,30,31.2,390
2015-10-13,104 台北二,33,29.1,16,27.3,600
2015-10-14,104 台北二,32.7,28.9,22,28.3,840
2015-10-15,104 台北二,33,30.5,22.9,29.5,510
2015-10-16,104 台北二,33,31.6,31,31.8,390
2015-10-17,104 台北二,33,25.1,22,26.1,1410
2015-10-18,104 台北二,33,25.9,22,26.5,1380
2015-10-20,104 台北二,45.8,33.6,28,34.9,840
2015-10-21,104 台北二,33,26.1,22,26.6,1350
2015-10-22,104 台北二,33,31.8,22,30.1,600
2015-10-23,104 台北二,33,32,24,30.6,600
2015-10-24,104 台北二,33,32.8,32,32.7,510
2015-10-25,104 台北二,33,32.3,25,31,480
2015-10-27,104 台北二,33,33,31.3,32.7,600
2015-10-28,104 台北二,33,33,33,33,450
2015-10-29,104 台北二,33,33,33,33,360
2015-10-30,104 台北二,33,28.1,25,28.4,1050
2015-10-31,104 台北二,33,33,32,32.8,600
2015-11-01,104 台北二,33,32.9,32,32.7,570
2015-11-03,104 台北二,33,33,33,33,420
2015-11-04,104 台北二,33,27.2,26,28.1,1500
2015-11-05,104 台北二,33,33,33,33,300
2015-11-06,104 台北二,33,33,33,33,360
2015-11-07,104 台北二,35.3,28.7,25,29.3,1176
2015-11-08,104 台北二,32,32,32,32,420
2015-11-10,104 台北二,33,28.5,25.2,28.8,1080
2015-11-11,104 台北二,33,31.1,20,29.3,420
2015-11-12,104 台北二,33,27.6,26,28.3,900
2015-11-13,104 台北二,33,33,21.3,30.7,630
2015-11-14,104 台北二,33,33,21,30.6,600
2015-11-15,104 台北二,33,29.5,26,29.5,900
2015-11-17,104 台北二,32,30,27.4,29.9,750
2015-11-18,104 台北二,30,30,19.3,27.9,525
2015-11-19,104 台北二,30.8,27.3,11.5,24.8,770
2015-11-20,104 台北二,33,25.6,10.4,24.1,1385
2015-11-21,104 台北二,33,18.6,7.5,19.3,1015
2015-11-22,104 台北二,33,17.5,9.9,19.1,805
2015-11-24,104 台北二,32.1,22.2,7.5,21.2,1650
2015-11-25,104 台北二,33,19.3,5.3,19.3,1100
2015-11-26,104 台北二,33,20.8,11.2,21.4,1355
2015-11-27,104 台北二,33,21.7,5.3,20.7,1090
2015-11-28,104 台北二,33,25.6,15.5,25,1340
2015-11-29,104 台北二,33,26.8,15.6,25.8,705
2015-12-01,104 台北二,30.9,21.3,11.9,21.3,1965
2015-12-02,104 台北二,31.9,25.9,6.9,23.3,665
2015-12-03,104 台北二,30,23.3,5.2,21,1380
2015-12-04,104 台北二,32.8,30,30,30.6,535
2015-12-05,104 台北二,32.6,29.9,26.7,29.8,580
2015-12-06,104 台北二,32,24.3,15.3,24.1,1745
2015-12-08,104 台北二,39,28.2,17.3,28.2,920
2015-12-09,104 台北二,32.7,24.3,17.5,24.6,1550
2015-12-10,104 台北二,30.6,27.8,16.6,26.1,1170
2015-12-11,104 台北二,30,23.9,21.7,24.7,1665
2015-12-12,104 台北二,30,24,8.3,22,762
2015-12-13,104 台北二,30.3,28.7,26.2,28.5,633
2015-12-15,104 台北二,30.9,26.1,20.1,25.8,935
2015-12-16,104 台北二,31.7,24.5,18.8,24.8,1152
2015-12-17,104 台北二,29.6,23,15.2,22.8,1200
2015-12-18,104 台北二,24.8,20.5,17.8,20.8,1525
2015-12-19,104 台北二,25.5,18,14,18.7,1475
2015-12-20,104 台北二,25.8,16.5,8.7,16.8,1375
2015-12-22,104 台北二,28.8,17.7,11.1,18.6,1541
2015-12-23,104 台北二,27.4,21.4,19,22.1,1259
2015-12-24,104 台北二,25,23.1,13.3,21.5,1984
2015-12-25,104 台北二,22,19.2,8.6,17.6,2245
2015-12-26,104 台北二,22.5,16.9,6.9,16,2699
2015-12-27,104 台北二,21.6,13.5,10.5,14.5,3233
2015-12-29,104 台北二,15.3,12.8,5.6,11.9,3845
2015-12-30,104 台北二,18.6,11.8,4.3,11.7,1466
2015-12-31,104 台北二,18,11.3,3.5,11.1,1006
2016-01-01,104 台北二,16.3,12.5,1.6,11.1,977
2016-01-02,104 台北二,18.4,11,2.9,10.9,1280
2016-01-03,104 台北二,21.8,14.9,10.5,15.4,1066
2016-01-05,104 台北二,20.3,16.2,15,16.8,735
2016-01-06,104 台北二,18.2,14.2,11.9,14.5,1194
2016-01-07,104 台北二,16.1,7.7,3,8.4,1585
2016-01-08,104 台北二,16.6,5.8,2.1,7.2,1795
2016-01-09,104 台北二,25,12.8,2.5,13.2,1180
2016-01-10,104 台北二,24.7,17.8,9.1,17.4,1075
2016-01-12,104 台北二,25.5,12,7.5,13.8,940
2016-01-13,104 台北二,23.6,13.4,7.1,14.2,1215
2016-01-14,104 台北二,36.8,13.9,5.1,16.7,1996
2016-01-15,104 台北二,20.1,12,6.6,12.6,1895
2016-01-16,104 台北二,18.5,12.6,6,12.5,890
2016-01-17,104 台北二,14.1,9.6,7.5,10.1,1500
2016-01-19,104 台北二,21.8,10.6,5.7,11.8,1876
2016-01-20,104 台北二,13.7,9.2,5.9,9.4,1910
2016-01-21,104 台北二,12.4,7.6,4.7,8,2520
2016-01-22,104 台北二,48.3,16.4,9.1,21.3,1363
2016-01-23,104 台北二,55,29.7,7.1,30.3,3615
2016-01-24,104 台北二,11.3,10,7.5,9.7,1180
2016-01-26,104 台北二,21,16.8,13.5,16.9,1270
2016-01-27,104 台北二,16,12.5,8.9,12.5,2157
2016-01-28,104 台北二,16.5,11.1,6,11.2,2312
2016-01-29,104 台北二,20,14.5,8,14.3,1657
2016-01-30,104 台北二,40,16.5,8,19.5,1719
2016-01-31,104 台北二,55,38.5,10.3,36.1,4124
2016-02-01,104 台北二,12.4,7.9,5.5,8.3,1544
2016-02-02,104 台北二,18.6,6.9,4.7,8.8,1789
2016-02-03,104 台北二,55,33.7,4.4,32.1,3196
2016-02-04,104 台北二,14,9.6,6.7,9.9,1968
2016-02-05,104 台北二,17.8,13.9,8,13.5,1970
2016-02-06,104 台北二,28.8,11,5.9,13.6,2372
2016-02-07,104 台北二,33,8.8,5.3,12.9,1747
2016-02-13,104 台北二,13.5,10.6,6.7,10.4,1089
2016-02-14,104 台北二,18,12.2,10,12.9,570
2016-02-17,104 台北二,28.1,15.5,9.6,16.8,2344
2016-02-18,104 台北二,55,16,4,21.4,4958
2016-02-19,104 台北二,23.5,9.9,7.3,12.1,2856
2016-02-20,104 台北二,16.6,9.2,4.8,9.8,2720
2016-02-21,104 台北二,33.3,24.9,7.5,23.1,6330
2016-02-25,104 台北二,55,35.8,7.6,34,3710
2016-02-26,104 台北二,24.5,9.9,7,12.3,2827
2016-02-27,104 台北二,26.8,10.8,6.6,13.2,2400
2016-02-28,104 台北二,40,10.7,7.4,15.9,2522
2016-03-01,104 台北二,33.4,11.6,9.7,15.6,1740
2016-03-02,104 台北二,55,35.5,8.7,34,2523
2016-03-03,104 台北二,12.8,11.9,9.3,11.6,1880
2016-03-04,104 台北二,54.1,13.3,5.8,19.9,2494
2016-03-05,104 台北二,55,36.1,9.9,34.6,2972
2016-03-06,104 台北二,40,15.7,8,19,1683
2016-03-08,104 台北二,12,10.9,8.9,10.7,1219
2016-03-09,104 台北二,39.7,11,7.7,16.1,1272
2016-03-10,104 台北二,40,17.4,5,19.4,855
2016-03-11,104 台北二,36.6,14.6,7.4,17.6,972
2016-03-12,104 台北二,55,42.1,11.3,38.5,2322
2016-03-13,104 台北二,36.6,29.3,6,26.1,864
2016-03-15,104 台北二,25.7,23.8,21.4,23.7,865
2016-03-16,104 台北二,43.9,20.9,14.7,24.3,1567
2016-03-17,104 台北二,38.8,19,13.9,22,1793
2016-03-18,104 台北二,31.5,19.3,13,20.5,2605
2016-03-19,104 台北二,22,15.3,9.9,15.5,1842
2016-03-20,104 台北二,55,42.8,14.9,39.6,2208
2016-03-22,104 台北二,55,38.9,19.9,38.3,2640
2016-03-23,104 台北二,37.7,22.3,17.7,24.5,1488
2016-03-24,104 台北二,38.5,20.9,16.1,23.5,1386
2016-03-25,104 台北二,33.2,20.5,13.7,21.6,2614
2016-03-26,104 台北二,55,41.5,18.1,39.5,4197
2016-03-27,104 台北二,55,29.9,18.9,32.7,2358
2016-03-29,104 台北二,55,38.8,19.9,38.2,5351
2016-03-30,104 台北二,29.7,21.6,14.8,21.9,1930
2016-03-31,104 台北二,26.8,20.9,14.8,20.9,1671
2016-04-01,104 台北二,22,16.4,13.4,16.9,2496
2016-04-02,104 台北二,38,20,17.5,23.1,2289
2016-04-03,104 台北二,55,35.5,9.6,34.2,3691
2016-04-06,104 台北二,20,17.5,13,17.1,1161
2016-04-07,104 台北二,39,16.1,11.1,19.7,1496
2016-04-08,104 台北二,48,17.9,10,22.4,1702
2016-04-09,104 台北二,26,18.6,8.5,18.1,1494
2016-04-10,104 台北二,23.2,12.3,5.6,13.1,1383
2016-04-12,104 台北二,55,38.8,15.3,37.3,1683
2016-04-13,104 台北二,21.2,16.5,6.5,15.4,1959
2016-04-14,104 台北二,22,12.4,5,12.8,1564
2016-04-15,104 台北二,23.9,20.9,12.8,19.8,1040
2016-04-16,104 台北二,55,35,9.7,33.9,2010
2016-04-17,104 台北二,27.2,20.4,6.1,18.9,540
2016-04-19,104 台北二,55,43.7,13,39.8,1633
2016-04-20,104 台北二,24.7,21.5,16.7,21.2,1165
2016-04-21,104 台北二,30.5,16.6,9.5,18,1013
2016-04-22,104 台北二,30,21.2,6.7,20.1,638
2016-04-23,104 台北二,55,41.2,15.1,38.8,1917
2016-04-24,104 台北二,29.5,27.1,13.9,24.9,648
2016-04-26,104 台北二,55,46.3,21.2,43,1615
2016-04-27,104 台北二,29.1,18.6,12.1,19.4,1264
2016-04-28,104 台北二,26.9,19.6,18,20.7,458
2016-04-29,104 台北二,29.8,19.6,14.7,20.6,725
2016-04-30,104 台北二,55,40.4,14.4,38.1,1152
2016-05-01,104 台北二,28.5,20.2,11.4,20.1,677
2016-05-03,104 台北二,30.3,23.1,20,23.9,800
2016-05-04,104 台北二,55,42.1,20,40.2,1715
2016-05-05,104 台北二,22.1,13.7,10,14.6,769
2016-05-06,104 台北二,27,21.2,12,20.5,467
2016-05-07,104 台北二,55,28.2,14,30.8,1744
2016-05-08,104 台北二,20.7,18.9,15,18.5,525
2016-05-10,104 台北二,29.6,22,13,21.7,475
2016-05-11,104 台北二,55,49.6,19.2,44.6,1069
2016-05-12,104 台北二,25,21.1,9.3,19.5,350
2016-05-13,104 台北二,25.9,21.3,12.5,20.4,730
2016-05-14,104 台北二,25,20.7,17.4,20.9,1075
2016-05-15,104 台北二,55,44.2,17.6,41,1096
2016-05-17,104 台北二,26,22.6,19,22.6,500
2016-05-18,104 台北二,55,52.5,24.3,47.4,902
2016-05-19,104 台北二,34.3,23.1,20,24.7,518
2016-05-20,104 台北二,30.4,21.1,16.7,22.1,768
2016-05-21,104 台北二,55,38.7,15.6,37.3,1385
2016-05-24,104 台北二,28,25,20,24.6,400
2016-05-25,104 台北二,55,49.4,18,44.2,1302
2016-05-26,104 台北二,29,23.1,20,23.6,525
2016-05-27,104 台北二,28,25.2,20,24.7,400
2016-05-28,104 台北二,55,45,20,42,1030
2016-05-29,104 台北二,21.2,17.9,13.8,17.7,335
2016-05-31,104 台北二,28,24.6,19,24.1,350
2016-06-01,104 台北二,55,45.6,18.1,42,1315
2016-06-02,104 台北二,29,27,20,26,150
2016-06-03,104 台北二,23,20.9,20,21.1,325
2016-06-04,104 台北二,55,51.4,20,45.8,1146
2016-06-05,104 台北二,20,20,19,19.8,250
2016-06-07,104 台北二,20,20,20,20,325
2016-06-08,104 台北二,55,47.5,19.6,43.4,1242
2016-06-09,104 台北二,53,22,13.6,26.5,675
2016-06-12,104 台北二,55,53.8,20,47.3,1362
2016-06-14,104 台北二,55,54.1,22.7,48,1362
2016-06-15,104 台北二,35,18.1,14,20.6,430
2016-06-16,104 台北二,36,27.4,20,27.7,702
2016-06-17,104 台北二,54.4,21.6,15.9,27,1280
2016-06-18,104 台北二,55,39.8,16.5,38.2,1490
2016-06-19,104 台北二,28,21.6,16,21.8,750
2016-06-21,104 台北二,28,27,20,25.8,660
2016-06-22,104 台北二,55,44.4,17,41,1634
2016-06-23,104 台北二,36,28.1,18.9,27.8,960
2016-06-24,104 台北二,28,21.1,14.3,21.1,690
2016-06-25,104 台北二,55,41.6,8.1,37.6,1347
2016-06-26,104 台北二,28,28,28,28,120
2016-06-28,104 台北二,20,20,20,20,120
2016-06-29,104 台北二,55,44.5,19,41.5,1632
2016-06-30,104 台北二,28,24,20,24,300
2016-07-01,104 台北二,33.7,28,22.4,28,428
2016-07-02,104 台北二,55,37.2,20,37.3,1686
2016-07-03,104 台北二,28,22.7,20,23.2,450
2016-07-05,104 台北二,55,25.5,19,30.1,650
2016-07-06,104 台北二,19,19,19,19,450
2016-07-07,104 台北二,55,42.6,20,40.6,2408
2016-07-08,104 台北二,27.1,20,20,21.4,1050
2016-07-09,104 台北二,30,25,20,25,300
2016-07-10,104 台北二,31,25.5,20,25.5,300
2016-07-12,104 台北二,50,35.1,20,35.1,530
2016-07-13,104 台北二,55,53.5,33.8,49.9,1707
2016-07-14,104 台北二,30,22.2,20,23.3,450
2016-07-15,104 台北二,28.3,20,20,21.7,540
2016-07-16,104 台北二,55,53.5,31.9,49.4,1304
2016-07-17,104 台北二,18,18,18,18,70
2016-07-19,104 台北二,20,19.8,18,19.5,600
2016-07-20,104 台北二,55,53.8,34.3,50.2,1579
2016-07-21,104 台北二,18,18,18,18,120
2016-07-22,104 台北二,18,18,18,18,170
2016-07-23,104 台北二,20,18.2,18,18.5,600
2016-07-24,104 台北二,55,52,31.6,48.5,1212
2016-07-26,104 台北二,50,36.2,18,35.3,370
2016-07-27,104 台北二,55,45.2,18.9,41.9,1884
2016-07-28,104 台北二,20,17.3,15,17.4,190
2016-07-29,104 台北二,23.9,18.7,18,19.6,260
2016-07-30,104 台北二,20,18.2,18,18.6,660
2016-07-31,104 台北二,18,18,17.2,17.8,540
2016-08-02,104 台北二,18,18,18,18,470
2016-08-03,104 台北二,56,55.5,26.4,49.8,1626
2016-08-04,104 台北二,20,18.1,18,18.5,390
2016-08-05,104 台北二,33,20,18,22.2,300
2016-08-06,104 台北二,56,42.9,11.9,39.4,1878
2016-08-07,104 台北二,22,20.7,18,20.4,150
2016-08-09,104 台北二,18,17.8,15,17.3,510
2016-08-10,104 台北二,56,53.6,17.6,46.9,1897
2016-08-11,104 台北二,18,17.2,14.4,16.8,690
2016-08-12,104 台北二,18,13.3,12,14,180
2016-08-13,104 台北二,56,47.5,12.9,42.3,2133
2016-08-14,104 台北二,20,18.7,7,16.6,670
2016-08-16,104 台北二,50,18.7,9,23,770
2016-08-17,104 台北二,56,49.4,14.5,43.7,2286
2016-08-20,104 台北二,56,54,24.8,48.6,1602
2016-08-21,104 台北二,20,18.4,18,18.7,450
2016-08-23,104 台北二,19.9,18,18,18.4,1710
2016-08-24,104 台北二,56,54.8,26.8,49.4,2064
2016-08-25,104 台北二,21,21,21,21,150
2016-08-26,104 台北二,21,21,21,21,450
2016-08-27,104 台北二,56,51.3,20.2,46,1883
2016-08-28,104 台北二,50,34.4,20,34.6,410
2016-08-30,104 台北二,23,19.5,16,19.5,300
2016-08-31,104 台北二,56,54.8,25.2,49.1,2064
2016-09-01,104 台北二,21,19,12,18,450
2016-09-02,104 台北二,28.7,14.6,7,15.9,408
2016-09-03,104 台北二,56,48.6,14,43.1,2556
2016-09-04,104 台北二,17,12.7,5.5,12.1,540
2016-09-06,104 台北二,17,16,14,15.8,600
2016-09-07,104 台北二,56,55.3,27.4,49.8,2040
2016-09-08,104 台北二,25.5,11.1,6,13,685
2016-09-09,104 台北二,20,8.5,6,10.3,540
2016-09-10,104 台北二,20.6,11.4,7,12.4,690
2016-09-11,104 台北二,56,56,23.5,49.5,1628
2016-09-13,104 台北二,21,20.7,20,20.6,240
2016-09-14,104 台北二,56,54.9,26,49.3,2460
2016-09-15,104 台北二,20,20,20,20,150
2016-09-18,104 台北二,56,55.1,22.3,48.7,2189
2016-09-20,104 台北二,21,20.5,20,20.5,300
2016-09-21,104 台北二,56,54.8,28.7,49.8,2286
2016-09-22,104 台北二,50,22.5,15,26.5,400
2016-09-23,104 台北二,35,24,15.6,24.5,840
2016-09-24,104 台北二,56,52.4,19.2,46.5,2919
2016-09-25,104 台北二,35,18.6,11.4,20.4,1040
2016-09-27,104 台北二,35,33.8,21,31.5,600
2016-09-29,104 台北二,21,21,21,21,150
2016-09-30,104 台北二,24,21.6,20,21.8,270
2016-10-01,104 台北二,56,56,33.4,51.5,2712
2016-10-02,104 台北二,20,20,20,20,360
2016-10-05,104 台北二,21,21,21,21,60
2016-10-06,104 台北二,21,21,21,21,60
2016-10-07,104 台北二,27.9,21,21,22.4,620
2016-10-08,104 台北二,21,20,18,19.8,390
2016-10-09,104 台北二,21,21,21,21,690
2016-10-11,104 台北二,21,21,21,21,60
2016-10-14,104 台北二,21,21,21,21,360
2016-10-15,104 台北二,21,21,21,21,60
2016-10-16,104 台北二,25,24.6,20,23.8,480
2016-10-18,104 台北二,50,50,50,50,60
2016-10-19,104 台北二,50,50,50,50,60
2016-10-20,104 台北二,50,50,50,50,210
2016-10-21,104 台北二,50,47.9,25,43.8,480
2016-10-22,104 台北二,50,28.2,22,31.3,180
2016-10-23,104 台北二,50,48.3,46,48.2,110
2016-10-25,104 台北二,62,52.8,48,53.7,170
2016-10-26,104 台北二,50,48.3,48,48.6,210
2016-10-27,104 台北二,48,48,48,48,210
2016-10-28,104 台北二,55.3,48,45.6,49,310
2016-10-29,104 台北二,48,41.7,25,39.6,330
2016-10-30,104 台北二,21,20.3,20,20.4,150
2016-11-01,104 台北二,48,48,48,48,60
2016-11-02,104 台北二,48,48,48,48,60
2016-11-03,104 台北二,48,48,40.4,46.5,238
2016-11-04,104 台北二,49.3,45.9,45,46.4,240
2016-11-05,104 台北二,49.8,39,15,36.4,330
2016-11-06,104 台北二,52.9,48.3,48,49.1,210
2016-11-08,104 台北二,48.2,38,28,38.1,715
2016-11-09,104 台北二,48.3,34.9,26,35.8,360
2016-11-10,104 台北二,50,36.5,28.1,37.5,798
2016-11-11,104 台北二,39,26.9,16.5,27.2,979
2016-11-12,104 台北二,50.7,27.7,20,30.7,925
2016-11-13,104 台北二,33.2,21.8,10.9,21.9,957
2016-11-15,104 台北二,41.1,21.9,14.6,24.3,1695
2016-11-16,104 台北二,41.4,25.9,21.4,28.1,1548
2016-11-17,104 台北二,32,27,21.7,26.9,1574
2016-11-18,104 台北二,42.6,20.5,14,23.6,1898
2016-11-19,104 台北二,42.7,14.7,6.4,18.6,2700
2016-11-20,104 台北二,46.5,16.3,5.1,20.1,2647
2016-11-22,104 台北二,43.5,26.4,18.1,28.1,1986
2016-11-23,104 台北二,48.7,27.2,15.6,29.2,1271
2016-11-24,104 台北二,45,29.6,22.8,31.3,835
2016-11-25,104 台北二,58.1,22.2,6,26.2,1530
2016-11-26,104 台北二,43.4,25.9,8,25.8,2132
2016-11-27,104 台北二,42.6,26.2,15.1,27.2,2282
2016-11-29,104 台北二,46.9,29.4,12.1,29.5,1710
2016-11-30,104 台北二,34.1,21.2,10,21.6,2140
2016-12-01,104 台北二,40.6,25.2,16.8,26.6,1573
2016-12-02,104 台北二,45.9,27.1,10.7,27.6,2039
2016-12-03,104 台北二,42,25.4,9.2,25.4,2050
2016-12-04,104 台北二,47.4,33.4,19,33.3,1397
2016-12-06,104 台北二,50.5,22,9.2,25.2,1845
2016-12-07,104 台北二,46.5,24,8.3,25.4,2370
2016-12-08,104 台北二,49.2,29.4,10.4,29.5,2115
2016-12-09,104 台北二,54.4,27.3,11.7,29.6,1495
2016-12-10,104 台北二,65,30.9,10.4,33.6,885
2016-12-11,104 台北二,80,45.6,15,46.4,865
2016-12-13,104 台北二,61.5,27.2,10.2,30.7,1759
2016-12-14,104 台北二,69.2,29.9,7,33.2,1549
2016-12-15,104 台北二,70,43,11.3,42.1,1200
2016-12-16,104 台北二,78,39.1,14,41.9,1513
2016-12-17,104 台北二,72,45.4,19.4,45.5,1582
2016-12-18,104 台北二,67.9,37.1,13.2,38.5,1737
2016-12-20,104 台北二,70,42.6,12.1,42,1632
2016-12-21,104 台北二,56.7,35.8,11.3,35,1801
2016-12-22,104 台北二,34.1,24.9,10.2,23.8,980
2016-12-23,104 台北二,52.2,36.1,13.5,34.8,1602
2016-12-24,104 台北二,41.5,29.2,15.7,28.9,2079
2016-12-25,104 台北二,42.2,23,8.4,23.9,2514
2016-12-27,104 台北二,40,33.3,13.1,30.6,1397
2016-12-28,104 台北二,37.9,28.5,10.6,26.8,1373
2016-12-29,104 台北二,36,28.7,15.5,27.5,912
2016-12-30,104 台北二,45,39.4,16.6,35.9,2431
2016-12-31,104 台北二,37.8,23.1,15.3,24.5,2572
2013-01-01,109 台北一,16.2,11.6,5.8,11.3,859
2013-01-02,109 台北一,15.8,13.3,9.9,13.2,1092
2013-01-03,109 台北一,16,9.6,6,10.2,1799
2013-01-04,109 台北一,18,11.7,6.1,11.8,1702
2013-01-05,109 台北一,13.6,12,6.5,11.2,1472
2013-01-06,109 台北一,12.7,10.3,7.4,10.2,1948
2013-01-08,109 台北一,14.9,10.9,7.2,11,2452
2013-01-09,109 台北一,12.5,9.9,6.9,9.8,2194
2013-01-10,109 台北一,13,9,5.9,9.2,1920
2013-01-11,109 台北一,12,11,8.5,10.7,1685
2013-01-12,109 台北一,12.6,10.3,6.6,10.1,1939
2013-01-13,109 台北一,13.9,11,7.1,10.8,1968
2013-01-15,109 台北一,11.7,9.1,4.5,8.7,1878
2013-01-16,109 台北一,12.6,11,8.4,10.8,1980
2013-01-17,109 台北一,13.4,10.6,8.2,10.7,1815
2013-01-18,109 台北一,15.9,11.6,8.2,11.8,2326
2013-01-19,109 台北一,12.5,10.9,8.3,10.7,3644
2013-01-20,109 台北一,13.3,10.8,7.8,10.7,1889
2013-01-22,109 台北一,13.4,10.7,9.2,10.9,1463
2013-01-23,109 台北一,18,12.6,9,13,3263
2013-01-24,109 台北一,13,10.5,6.6,10.2,1933
2013-01-25,109 台北一,11.8,9.3,7.1,9.4,2683
2013-01-26,109 台北一,11.1,8.8,5.5,8.6,2542
2013-01-27,109 台北一,10.1,7.7,3.9,7.4,2213
2013-01-29,109 台北一,10.2,9.3,6,8.8,2124
2013-01-30,109 台北一,10.7,8.3,6.7,8.4,1498
2013-01-31,109 台北一,10.2,8.6,6.2,8.4,1687
2013-02-01,109 台北一,10.7,7.8,6.1,8,2595
2013-02-02,109 台北一,10.3,8.2,5.8,8.1,2496
2013-02-03,109 台北一,10.3,7.9,6.6,8.1,1340
2013-02-05,109 台北一,11.1,7.4,6,7.9,3244
2013-02-06,109 台北一,12.3,9.8,5.2,9.3,5469
2013-02-07,109 台北一,12.9,8.5,5.4,8.8,2320
2013-02-08,109 台北一,13.5,10.5,3.5,9.7,1485
2013-02-09,109 台北一,12.6,5.6,5,6.9,1027
2013-02-15,109 台北一,12,11.3,8.4,10.9,463
2013-02-16,109 台北一,10,9.2,6.6,8.8,512
2013-02-17,109 台北一,11.6,9.5,6.4,9.3,1213
2013-02-19,109 台北一,11.5,8.6,6.5,8.7,2163
2013-02-20,109 台北一,11.1,7.8,4.5,7.8,2564
2013-02-21,109 台北一,8.9,6.1,4.7,6.4,2213
2013-02-22,109 台北一,7.8,6.3,3.3,6,2476
2013-02-23,109 台北一,9.3,7.3,3.2,6.9,2254
2013-02-24,109 台北一,11.3,8.5,4.9,8.3,1951
2013-02-27,109 台北一,11.8,9.4,5,9,2456
2013-02-28,109 台北一,10.8,7.4,4.2,7.5,2324
2013-03-01,109 台北一,9.4,6.3,3.8,6.4,3655
2013-03-02,109 台北一,10.3,7.1,5.3,7.4,2997
2013-03-03,109 台北一,10.3,7.1,5,7.3,1917
2013-03-05,109 台北一,10.4,8.2,5.6,8.1,2090
2013-03-06,109 台北一,10.3,7.9,5.7,7.9,1778
2013-03-07,109 台北一,10.2,8.9,5.7,8.5,1090
2013-03-08,109 台北一,10.4,8.4,7.4,8.6,1370
2013-03-09,109 台北一,10.9,8.9,7,8.9,1293
2013-03-10,109 台北一,11.3,9.2,7.5,9.3,1599
2013-03-12,109 台北一,10.8,9.5,7.8,9.4,1550
2013-03-13,109 台北一,12.7,9,6,9.1,1110
2013-03-14,109 台北一,11.2,8.7,6.6,8.8,1230
2013-03-15,109 台北一,10.9,9.3,7,9.1,1395
2013-03-16,109 台北一,11.1,9,6.8,9,2110
2013-03-17,109 台北一,11.8,8.7,7.4,9,1455
2013-03-19,109 台北一,11.3,9.6,7,9.4,1819
2013-03-20,109 台北一,10.7,8.2,5,8.1,1675
2013-03-21,109 台北一,10.4,8.4,4.6,8,1736
2013-03-22,109 台北一,10.3,7.9,5,7.8,1890
2013-03-23,109 台北一,10.4,8.2,5.1,8,1942
2013-03-24,109 台北一,10.9,9.2,4.2,8.5,1701
2013-03-26,109 台北一,10.7,7.7,4,7.5,2653
2013-03-27,109 台北一,10.6,8.5,4.1,8,2032
2013-03-28,109 台北一,10.8,8.1,5.4,8.1,1878
2013-03-29,109 台北一,10.2,8.3,5.5,8.1,2147
2013-03-30,109 台北一,10.4,9.1,6.3,8.8,1445
2013-03-31,109 台北一,10.6,9.2,6.8,9,1799
2013-04-02,109 台北一,13.1,9.3,7.7,9.8,1707
2013-04-03,109 台北一,19,10.9,9.5,12.2,2295
2013-04-06,109 台北一,13.2,10.8,8,10.7,2976
2013-04-07,109 台北一,15.7,12.2,10,12.5,2160
2013-04-09,109 台北一,15.8,11.3,7.5,11.4,3545
2013-04-10,109 台北一,15.2,12.7,8.6,12.4,2638
2013-04-11,109 台北一,13.8,11,8.3,11,2469
2013-04-12,109 台北一,12.1,9.7,7.5,9.8,2940
2013-04-13,109 台北一,12.4,11.3,9.6,11.2,2140
2013-04-14,109 台北一,12.3,10.6,8.6,10.5,3150
2013-04-16,109 台北一,12.3,10.7,7.8,10.5,2889
2013-04-17,109 台北一,11.9,10.4,7.4,10.1,2991
2013-04-18,109 台北一,18.1,10.5,6.8,11.3,4232
2013-04-19,109 台北一,12.5,9.8,7.1,9.8,2969
2013-04-20,109 台北一,12.5,9.6,6.4,9.5,3381
2013-04-21,109 台北一,20.3,13.7,6.6,13.6,3125
2013-04-23,109 台北一,12.5,10.3,7.4,10.2,2755
2013-04-24,109 台北一,13.1,10.9,7.4,10.6,2800
2013-04-25,109 台北一,12.5,10,7.1,9.9,2310
2013-04-26,109 台北一,11.3,10.5,8.2,10.2,2763
2013-04-27,109 台北一,11.7,9.5,8,9.6,2451
2013-04-28,109 台北一,12.2,10,6.7,9.8,2670
2013-04-30,109 台北一,12.5,9.9,8,10,3875
2013-05-01,109 台北一,11,9.1,5.9,8.9,4560
2013-05-02,109 台北一,11.2,8.4,6.6,8.6,4063
2013-05-03,109 台北一,12.4,9.8,7.1,9.8,3325
2013-05-04,109 台北一,12.3,9.4,8,9.7,2205
2013-05-05,109 台北一,12.1,9.1,6.3,9.2,3913
2013-05-07,109 台北一,12.2,9,6,9.1,4218
2013-05-08,109 台北一,11.3,9.8,6.4,9.4,9325
2013-05-09,109 台北一,10,7.6,5.8,7.7,4421
2013-05-10,109 台北一,10,7.1,4.7,7.2,4183
2013-05-11,109 台北一,9.6,6.4,4,6.6,3389
2013-05-12,109 台北一,12,6.6,3.4,7,2700
2013-05-14,109 台北一,14.3,7.9,5.6,8.7,1550
2013-05-15,109 台北一,12.4,8.3,5.9,8.6,1179
2013-05-16,109 台北一,12.4,8,5.8,8.5,1920
2013-05-17,109 台北一,11.2,7.9,5.9,8.2,1824
2013-05-18,109 台北一,10.7,8.4,5.6,8.3,1874
2013-05-19,109 台北一,10.7,8.4,6.5,8.5,3935
2013-05-21,109 台北一,13.1,9.3,7.4,9.7,2370
2013-05-22,109 台北一,13.1,10.2,9,10.5,2097
2013-05-23,109 台北一,13.5,9.6,7.7,10,1651
2013-05-24,109 台北一,11.4,8.9,6.9,9,2108
2013-05-25,109 台北一,12,9.6,6.1,9.4,1383
2013-05-26,109 台北一,13.5,9,5.1,9.1,1228
2013-05-28,109 台北一,14.4,10.5,7.8,10.7,1262
2013-05-29,109 台北一,15.5,12.1,6.5,11.7,1312
2013-05-30,109 台北一,14.8,10.4,4.7,10.2,716
2013-05-31,109 台北一,15,12.4,9.2,12.3,637
2013-06-01,109 台北一,15,13.3,8,12.6,701
2013-06-02,109 台北一,15,13.1,8.3,12.5,947
2013-06-04,109 台北一,14.4,11.5,7.6,11.3,1643
2013-06-05,109 台北一,15,12.9,7,12.1,810
2013-06-06,109 台北一,13,12.9,9.5,12.2,795
2013-06-07,109 台北一,13,11.9,7,11.1,692
2013-06-08,109 台北一,18,14.6,8.2,14,423
2013-06-09,109 台北一,15,13.8,7.2,12.7,736
2013-06-11,109 台北一,16,13.9,11.3,13.8,711
2013-06-12,109 台北一,10,10,10,10,19
2013-06-15,109 台北一,15,13.9,10,13.3,75
2013-06-16,109 台北一,13,13,13,13,52
2013-06-18,109 台北一,16,15.9,12,15.1,350
2013-06-19,109 台北一,5,5,5,5,40
2013-06-20,109 台北一,16,16,16,16,150
2013-06-21,109 台北一,17,16,11.8,15.4,385
2013-06-22,109 台北一,16,15.3,13,15,450
2013-06-23,109 台北一,15.2,13.7,10.4,13.4,790
2013-06-25,109 台北一,15,14.9,14,14.8,510
2013-06-26,109 台北一,15,14.3,13,14.2,360
2013-06-28,109 台北一,13,8.7,5,8.8,1200
2013-06-29,109 台北一,13,11.3,10.8,11.6,600
2013-06-30,109 台北一,12.9,7.7,6,8.4,1355
2013-07-02,109 台北一,9.9,6,6,6.8,965
2013-07-03,109 台北一,14.9,7.4,6,8.6,1230
2013-07-04,109 台北一,12.3,7.8,7,8.6,1200
2013-07-05,109 台北一,14,11.6,10,11.8,580
2013-07-06,109 台北一,14,13.5,9,12.7,255
2013-07-07,109 台北一,14,11.7,10.1,11.8,420
2013-07-09,109 台北一,15.1,14,10.9,13.6,420
2013-07-10,109 台北一,13,11.7,10,11.6,330
2013-07-11,109 台北一,17.5,15.2,11.8,14.9,500
2013-07-12,109 台北一,17.2,15.3,12.6,15.1,935
2013-07-13,109 台北一,17,12.1,10,12.7,940
2013-07-14,109 台北一,17,16.2,12,15.5,600
2013-07-16,109 台北一,16.4,14.3,10,13.9,265
2013-07-17,109 台北一,15,12.7,11,12.8,450
2013-07-18,109 台北一,15,12.9,12,13.1,450
2013-07-19,109 台北一,12,11.5,11,11.5,360
2013-07-20,109 台北一,14,11.6,10,11.8,780
2013-07-21,109 台北一,14,13.9,10,13.1,450
2013-07-23,109 台北一,15,15,11,14.2,375
2013-07-24,109 台北一,15,14.2,11,13.7,760
2013-07-25,109 台北一,15,13.7,11.6,13.6,545
2013-07-26,109 台北一,13,12.7,12,12.6,300
2013-07-27,109 台北一,16,13.4,12,13.7,860
2013-07-28,109 台北一,15,13.2,12,13.3,500
2013-07-30,109 台北一,17,13.1,10,13.2,445
2013-07-31,109 台北一,17,13.8,10.8,13.8,970
2013-08-01,109 台北一,17,13.8,12,14.1,480
2013-08-02,109 台北一,16,13.5,12,13.7,745
2013-08-03,109 台北一,17,12.7,12,13.4,445
2013-08-04,109 台北一,16,12.3,10,12.6,702
2013-08-06,109 台北一,16,10.9,9.1,11.6,1099
2013-08-07,109 台北一,14.4,10.5,8.2,10.8,760
2013-08-08,109 台北一,16,14.3,10.6,13.9,510
2013-08-09,109 台北一,12,11.6,9,11.2,333
2013-08-10,109 台北一,16,14,11,13.8,310
2013-08-11,109 台北一,16,13,11.4,13.3,361
2013-08-13,109 台北一,15,14.3,11,13.8,550
2013-08-14,109 台北一,15.5,14.3,10.4,13.7,720
2013-08-15,109 台北一,17,17,17,17,210
2013-08-16,109 台北一,17,14.3,13,14.6,405
2013-08-17,109 台北一,16.9,14.3,12.5,14.4,811
2013-08-18,109 台北一,17,15,12.1,14.8,385
2013-08-20,109 台北一,16.6,13.2,12.5,13.8,710
2013-08-21,109 台北一,12.6,10,9,10.3,8530
2013-08-24,109 台北一,16.3,12.1,12,12.9,4500
2013-08-25,109 台北一,17,11.7,8,12,2860
2013-08-27,109 台北一,20,10.7,3,11,1992
2013-08-28,109 台北一,20,13,10.5,13.9,670
2013-08-29,109 台北一,15.9,13.2,10,13.1,999
2013-08-30,109 台北一,19.2,14.1,14,15.1,747
2013-08-31,109 台北一,21,19,15,18.6,560
2013-09-01,109 台北一,20,17.3,14,17.2,863
2013-09-03,109 台北一,18.9,13.1,12,14,1360
2013-09-04,109 台北一,20,18.8,13.7,18,1395
2013-09-05,109 台北一,21.4,20.2,20,20.4,1232
2013-09-06,109 台北一,25.6,22.6,18,22.3,1735
2013-09-07,109 台北一,23.3,17,14,17.7,3360
2013-09-08,109 台北一,18.3,13.6,13,14.4,4320
2013-09-10,109 台北一,16,13.8,11,13.7,1890
2013-09-11,109 台北一,20,15,14.3,15.9,2070
2013-09-12,109 台北一,17,15,15,15.4,1710
2013-09-13,109 台北一,19.4,17,17,17.5,1325
2013-09-14,109 台北一,23.2,17.2,17,18.4,2225
2013-09-15,109 台北一,26.8,17.9,17,19.5,1950
2013-09-17,109 台北一,22.3,18.1,16.6,18.6,2840
2013-09-18,109 台北一,19.7,13.9,12,14.7,3400
2013-09-19,109 台北一,16.6,8.5,8,10,4035
2013-09-22,109 台北一,25,23.8,18,22.9,250
2013-09-24,109 台北一,25,22.9,12.2,21.1,820
2013-09-25,109 台北一,25,24.6,20,23.8,205
2013-09-26,109 台北一,25,24.6,20,23.8,100
2013-09-27,109 台北一,25,25,25,25,175
2013-09-28,109 台北一,24,22.8,18,22.1,125
2013-09-29,109 台北一,25,24.1,18,23.1,270
2013-10-01,109 台北一,25,25,25,25,30
2013-10-02,109 台北一,25,22.9,19.2,22.6,270
2013-10-03,109 台北一,25,24.1,19,23.3,175
2013-10-04,109 台北一,28,26.1,22.4,25.7,575
2013-10-05,109 台北一,25,23.7,19,23,150
2013-10-06,109 台北一,25,24.8,21.3,24.2,725
2013-10-08,109 台北一,28,27.3,21.2,26.2,810
2013-10-09,109 台北一,24,23.9,21,23.3,623
2013-10-10,109 台北一,24,23.9,21.1,23.4,655
2013-10-11,109 台北一,25.8,22.6,20.8,22.9,630
2013-10-12,109 台北一,25.7,24.3,21.8,24.1,850
2013-10-13,109 台北一,24.5,20.9,19.6,21.4,1050
2013-10-15,109 台北一,24.8,22,17.4,21.7,760
2013-10-16,109 台北一,24.8,20.5,18.2,20.9,760
2013-10-17,109 台北一,24.8,20,20,21,735
2013-10-18,109 台北一,25,20.4,20,21.2,625
2013-10-19,109 台北一,23.6,19.8,18,20.2,690
2013-10-20,109 台北一,25,20.7,18,21,1750
2013-10-22,109 台北一,29,18,16,19.8,1235
2013-10-23,109 台北一,19.5,17.4,15.6,17.5,775
2013-10-24,109 台北一,20,17.7,16.7,18,750
2013-10-25,109 台北一,20.9,18,17.1,18.4,805
2013-10-26,109 台北一,20,18,11.6,17.1,435
2013-10-27,109 台北一,26.2,19.8,15.3,20.2,620
2013-10-29,109 台北一,19,13.2,5,12.7,740
2013-10-30,109 台北一,18.9,14,6,13.4,705
2013-10-31,109 台北一,19,13.4,8,13.4,465
2013-11-01,109 台北一,18.9,12.6,8,12.9,795
2013-11-02,109 台北一,19,16.1,7.8,15,940
2013-11-03,109 台北一,20.3,7.6,6,9.8,970
2013-11-05,109 台北一,21.3,11.8,3.5,12,990
2013-11-06,109 台北一,19.9,14,3,13,820
2013-11-07,109 台北一,29.6,9,3,11.9,733
2013-11-08,109 台北一,29.3,16.8,6,17.2,977
2013-11-09,109 台北一,31,19,7.4,19.1,920
2013-11-10,109 台北一,26.1,17.2,7.3,17,1110
2013-11-12,109 台北一,26.5,12.5,8,14.4,1305
2013-11-13,109 台北一,25.3,14.5,6.3,15.1,1315
2013-11-14,109 台北一,30,18.3,5.1,18,1365
2013-11-15,109 台北一,28.6,12,4.4,13.8,1676
2013-11-16,109 台北一,26,15.4,3.8,15.2,1445
2013-11-17,109 台北一,35.3,14.2,4.4,16.5,1029
2013-11-19,109 台北一,28.6,8.9,5,12.1,2340
2013-11-20,109 台北一,32.3,8.2,5.6,12.5,2253
2013-11-21,109 台北一,29.7,15.4,3.4,15.9,2178
2013-11-22,109 台北一,22.1,17.6,4.2,15.8,1795
2013-11-23,109 台北一,30,18.8,8.9,19.1,1336
2013-11-24,109 台北一,22.3,15.2,3.7,14.3,1973
2013-11-26,109 台北一,24.3,16.7,8.3,16.5,4760
2013-11-27,109 台北一,27.3,13.9,4.1,14.6,2480
2013-11-28,109 台北一,24.5,12,4.5,13,2701
2013-11-29,109 台北一,21.8,9.8,2.7,10.8,3184
2013-11-30,109 台北一,26,12,6.1,13.6,2629
2013-12-01,109 台北一,20.5,14.7,5.1,14,1815
2013-12-03,109 台北一,17.9,9.2,5.6,10.2,4974
2013-12-04,109 台北一,19.6,10.4,3.6,10.9,3870
2013-12-05,109 台北一,22.7,10.9,5,12.1,2324
2013-12-06,109 台北一,19.4,10.8,4.9,11.4,1843
2013-12-07,109 台北一,22.3,10.5,4.8,11.7,2584
2013-12-08,109 台北一,27,12.8,3.2,13.7,1257
2013-12-10,109 台北一,24.6,15.6,4.7,15.2,2639
2013-12-11,109 台北一,22,12.5,4,12.7,1994
2013-12-12,109 台北一,20,10.8,4.8,11.4,2122
2013-12-13,109 台北一,19,15.4,6.2,14.3,1405
2013-12-14,109 台北一,17.5,12.2,3.5,11.5,1838
2013-12-15,109 台北一,15,9.6,4.7,9.7,1332
2013-12-17,109 台北一,18.2,13,6.6,12.8,1215
2013-12-18,109 台北一,14,11.7,8.7,11.6,1104
2013-12-19,109 台北一,12.7,8.2,7,8.9,1496
2013-12-20,109 台北一,14.4,10.2,7.5,10.5,1724
2013-12-21,109 台北一,13.5,10,8,10.3,1675
2013-12-22,109 台北一,11.8,10,7.6,9.9,1193
2013-12-24,109 台北一,11.2,9.4,7.5,9.4,2537
2013-12-25,109 台北一,11.3,8.5,6.7,8.7,2729
2013-12-26,109 台北一,12.4,8.6,6.5,8.9,2046
2013-12-27,109 台北一,11.1,8.7,4.6,8.4,1842
2013-12-28,109 台北一,12.8,9.8,7.3,9.9,1945
2013-12-29,109 台北一,10.3,8.8,5.2,8.4,2290
2013-12-31,109 台北一,13.4,9.3,7.6,9.8,2447
2014-01-01,109 台北一,12.2,8.4,7.5,9,3438
2014-01-02,109 台北一,11.1,8.3,6,8.4,2014
2014-01-03,109 台北一,11.1,8.1,6.5,8.4,2210
2014-01-04,109 台北一,10.7,8.7,4.9,8.4,2838
2014-01-05,109 台北一,10,7.4,4.3,7.3,3220
2014-01-07,109 台北一,10,7.7,5.8,7.8,1753
2014-01-08,109 台北一,9.4,7.7,4.7,7.4,1803
2014-01-09,109 台北一,9.5,6.3,3,6.3,2043
2014-01-10,109 台北一,8.8,7,4.9,7,2596
2014-01-11,109 台北一,8.7,7.5,4.6,7.2,2165
2014-01-12,109 台北一,8.2,5.6,4.3,5.9,4132
2014-01-14,109 台北一,9.3,7.2,5.1,7.2,1995
2014-01-15,109 台北一,9,7.2,5,7.1,2063
2014-01-16,109 台北一,8.9,6.2,4.1,6.3,2256
2014-01-17,109 台北一,8.7,5.5,4,5.8,2323
2014-01-18,109 台北一,9.6,6.4,4.3,6.6,2321
2014-01-19,109 台北一,13.1,6.8,4.7,7.6,2028
2014-01-21,109 台北一,11.8,7.4,5,7.8,2118
2014-01-22,109 台北一,10.3,7.1,4.4,7.2,2819
2014-01-23,109 台北一,10.6,7.2,5.4,7.5,3213
2014-01-24,109 台北一,9.2,6.8,4.9,6.9,3091
2014-01-25,109 台北一,10.9,7.1,5.2,7.5,2704
2014-01-26,109 台北一,10.6,6.3,4.5,6.8,3232
2014-01-27,109 台北一,9.8,7.6,5,7.5,2848
2014-01-28,109 台北一,11.1,6.6,3.6,6.9,2985
2014-01-29,109 台北一,10,6.5,4.9,6.9,2740
2014-01-30,109 台北一,8,5.4,3.6,5.5,1975
2014-02-05,109 台北一,8.9,6.4,4.7,6.6,1400
2014-02-06,109 台北一,8.5,4.7,2.9,5.1,1479
2014-02-07,109 台北一,7.9,5.4,3.7,5.6,2442
2014-02-08,109 台北一,7.9,6,3,5.8,1875
2014-02-09,109 台北一,7.1,4.7,3,4.8,3846
2014-02-11,109 台北一,8.3,5.9,3.8,5.9,2139
2014-02-12,109 台北一,8.4,5.3,3.8,5.6,2324
2014-02-13,109 台北一,7.1,5,3.8,5.2,1811
2014-02-14,109 台北一,8.1,6,4.5,6.1,2472
2014-02-18,109 台北一,9.5,6.5,5,6.8,3055
2014-02-19,109 台北一,8.4,5.5,2.9,5.5,3707
2014-02-20,109 台北一,7,5.4,3.6,5.4,3650
2014-02-21,109 台北一,11.4,7.2,4.1,7.4,2135
2014-02-22,109 台北一,7.9,5.5,3.7,5.6,3537
2014-02-23,109 台北一,8.2,6.4,4.3,6.3,2547
2014-02-25,109 台北一,9.3,6.4,4,6.5,3097
2014-02-26,109 台北一,8,6,4.6,6.1,2481
2014-02-27,109 台北一,7,5.3,3.7,5.3,2860
2014-02-28,109 台北一,9.4,5.6,4.4,6.1,1828
2014-03-01,109 台北一,7.5,5.4,4.3,5.6,2719
2014-03-02,109 台北一,6.7,5.6,3.9,5.4,2130
2014-03-04,109 台北一,7.2,5.1,4.6,5.4,2178
2014-03-05,109 台北一,6.3,5.2,4.9,5.4,1917
2014-03-06,109 台北一,8.2,6,4.9,6.2,1384
2014-03-07,109 台北一,7,5.4,4,5.4,1983
2014-03-08,109 台北一,10.5,5.7,5,6.5,1295
2014-03-09,109 台北一,7.5,5.4,3.8,5.5,1867
2014-03-11,109 台北一,9.6,6.3,5,6.7,1148
2014-03-12,109 台北一,11,6.4,4.9,7,2060
2014-03-13,109 台北一,8,5.7,5,6,1120
2014-03-14,109 台北一,6.9,5.1,4,5.2,2020
2014-03-15,109 台北一,8.8,5.6,4.8,6.1,2324
2014-03-16,109 台北一,7.8,5.7,5,6,1445
2014-03-18,109 台北一,7.3,5.8,3.9,5.7,3400
2014-03-19,109 台北一,7.1,5.3,4.1,5.4,3113
2014-03-20,109 台北一,8.6,5.1,4.4,5.7,2435
2014-03-21,109 台北一,7.7,5,3.8,5.3,2666
2014-03-22,109 台北一,7.5,5.1,4,5.4,2864
2014-03-23,109 台北一,8.3,5.3,4,5.6,2466
2014-03-25,109 台北一,6.3,5.6,4.2,5.4,1737
2014-03-26,109 台北一,6.4,4.7,2.5,4.6,1818
2014-03-27,109 台北一,6,5.3,2.6,4.9,1611
2014-03-28,109 台北一,6.2,5.3,3.2,5.1,1941
2014-03-29,109 台北一,6.2,5.4,2.9,5.1,1672
2014-03-30,109 台北一,6.4,5,3.5,5,1636
2014-04-01,109 台北一,5.8,4.8,3.1,4.7,1754
2014-04-02,109 台北一,6,4.9,2.8,4.7,961
2014-04-03,109 台北一,6.3,5.7,5,5.7,1622
2014-04-04,109 台北一,6,5.4,3.4,5.1,2076
2014-04-08,109 台北一,6.3,6,5.6,6,1115
2014-04-09,109 台北一,6.6,5.8,5,5.8,1452
2014-04-10,109 台北一,6.2,5.8,4.2,5.5,1826
2014-04-11,109 台北一,9,5.7,4.8,6.2,1593
2014-04-12,109 台北一,6.4,5.1,4.9,5.3,2011
2014-04-13,109 台北一,8,6.3,4.6,6.3,1472
2014-04-15,109 台北一,8,5.9,4.3,6,2422
2014-04-16,109 台北一,8.7,6.6,4.5,6.6,1811
2014-04-17,109 台北一,7,5.9,3.6,5.7,1887
2014-04-18,109 台北一,7.1,5.4,4.5,5.6,2105
2014-04-19,109 台北一,6.5,5.3,4.8,5.4,1884
2014-04-20,109 台北一,6.2,4.9,3,4.8,1980
2014-04-22,109 台北一,6,5.2,4.5,5.2,1849
2014-04-23,109 台北一,5.4,5,3.3,4.7,2130
2014-04-24,109 台北一,7.4,5,3.8,5.2,2403
2014-04-25,109 台北一,6.7,4.9,3.8,5.1,2126
2014-04-26,109 台北一,5.2,4.2,3,4.1,1945
2014-04-27,109 台北一,5,4.1,3.3,4.1,2136
2014-04-29,109 台北一,8.5,5,3.8,5.4,12875
2014-04-30,109 台北一,6.1,5.4,3.7,5.2,4565
2014-05-01,109 台北一,7.5,4.5,4,5,2425
2014-05-02,109 台北一,7.1,4,4,4.6,585
2014-05-03,109 台北一,6,4.3,4,4.6,832
2014-05-04,109 台北一,8.3,5.2,4,5.6,926
2014-05-06,109 台北一,8,6.9,4.6,6.7,1366
2014-05-07,109 台北一,10.3,6,5,6.6,720
2014-05-08,109 台北一,6.5,5.6,5,5.7,1550
2014-05-09,109 台北一,14.6,6.6,5.1,7.9,660
2014-05-10,109 台北一,10,5.6,4.8,6.3,881
2014-05-11,109 台北一,21.9,8.9,7.2,11.2,606
2014-05-13,109 台北一,14.6,9,6,9.5,1115
2014-05-14,109 台北一,11.7,7.4,5.6,7.9,1405
2014-05-15,109 台北一,9.2,6.1,5.5,6.6,1364
2014-05-16,109 台北一,7.5,6.1,4,5.9,1680
2014-05-17,109 台北一,15.9,8.9,7.2,10,725
2014-05-18,109 台北一,10.9,6.2,6,7.1,1480
2014-05-20,109 台北一,9,6.8,5,6.9,1515
2014-05-21,109 台北一,7.3,5.8,3,5.5,1365
2014-05-22,109 台北一,10,7.3,7,7.8,900
2014-05-23,109 台北一,11.8,7,7,8,930
2014-05-24,109 台北一,8,6.5,5.9,6.7,1220
2014-05-25,109 台北一,8.9,7.2,5.8,7.3,1470
2014-05-27,109 台北一,10.5,6.7,5,7.1,1290
2014-05-28,109 台北一,9,6.3,4.6,6.5,1835
2014-05-29,109 台北一,8.5,6.7,4.8,6.7,1810
2014-05-30,109 台北一,7.1,5.8,4.6,5.8,1975
2014-05-31,109 台北一,7.6,5.7,5,5.9,1550
2014-06-01,109 台北一,9.9,6,5.1,6.6,1252
2014-06-02,109 台北一,10,4.8,3,5.5,790
2014-06-05,109 台北一,14.3,7.6,5.9,8.6,597
2014-06-06,109 台北一,16,9.1,8,10.3,420
2014-06-07,109 台北一,9,7.6,5.9,7.6,643
2014-06-08,109 台北一,9.4,6.8,6,7.1,710
2014-06-10,109 台北一,15.6,7.3,7,8.9,710
2014-06-11,109 台北一,18.1,5.9,5,8.2,1013
2014-06-12,109 台北一,15,11.1,6.9,11.1,267
2014-06-13,109 台北一,14.5,7.5,5.7,8.5,1303
2014-06-14,109 台北一,8.9,5.1,4,5.6,2147
2014-06-15,109 台北一,14,4,4,6,630
2014-06-17,109 台北一,15,9.3,5,9.6,290
2014-06-18,109 台北一,11.3,7.4,3,7.3,1027
2014-06-19,109 台北一,12.2,7.4,2.9,7.5,1015
2014-06-20,109 台北一,11.7,7.6,3.1,7.5,956
2014-06-21,109 台北一,10,5.9,2.4,6,1231
2014-06-22,109 台北一,9.6,6.3,2.5,6.2,1020
2014-06-24,109 台北一,10,5.9,2,6,900
2014-06-25,109 台北一,10,6.4,3,6.5,1110
2014-06-26,109 台北一,12,8.3,3,8,905
2014-06-27,109 台北一,10,6.7,2.6,6.5,860
2014-06-28,109 台北一,10,7.3,2,6.8,1040
2014-06-29,109 台北一,10,9.2,7,8.9,475
2014-07-01,109 台北一,13,12.1,6.8,11.2,425
2014-07-02,109 台北一,10,9.5,6.9,9.1,700
2014-07-03,109 台北一,10,9.3,6.9,9,450
2014-07-04,109 台北一,10,9.1,6.2,8.7,570
2014-07-05,109 台北一,10,9.7,5.8,9,625
2014-07-06,109 台北一,13,10.7,7,10.4,525
2014-07-08,109 台北一,11.8,9.1,3.9,8.6,735
2014-07-09,109 台北一,10,9,5.8,8.6,500
2014-07-10,109 台北一,10,9.8,7.2,9.3,600
2014-07-11,109 台北一,10,8.4,7,8.4,1100
2014-07-12,109 台北一,10,9.8,8,9.5,600
2014-07-13,109 台北一,10,8,6,8,600
2014-07-15,109 台北一,10,8.9,6,8.6,700
2014-07-16,109 台北一,10,9.5,6,8.9,625
2014-07-17,109 台北一,10,9.7,5,8.8,740
2014-07-18,109 台北一,10,8.9,6.1,8.6,815
2014-07-19,109 台北一,10,9.7,8,9.4,625
2014-07-20,109 台北一,10,8.5,7,8.5,610
2014-07-22,109 台北一,10,7.7,6,7.8,995
2014-07-23,109 台北一,10,7.5,6,7.7,1020
2014-07-24,109 台北一,20,12.5,8,13.1,710
2014-07-25,109 台北一,12,9.9,7,9.7,820
2014-07-26,109 台北一,12,10.9,7,10.3,675
2014-07-27,109 台北一,15,11.5,5.5,11,600
2014-07-29,109 台北一,10,9.5,5.8,8.9,850
2014-07-30,109 台北一,10,9.3,6,8.8,780
2014-07-31,109 台北一,15,10.6,8,11,700
2014-08-01,109 台北一,13,11.8,6.6,11,650
2014-08-02,109 台北一,12,11.4,7,10.7,750
2014-08-03,109 台北一,14,14,11,13.4,450
2014-08-05,109 台北一,12,8.8,6.2,8.9,1235
2014-08-06,109 台北一,17,14.9,7,13.7,760
2014-08-07,109 台北一,15,15,15,15,900
2014-08-08,109 台北一,12,11.7,7.4,10.9,1450
2014-08-09,109 台北一,10,9.8,7,9.3,1525
2014-08-10,109 台北一,10,8.8,6,8.5,975
2014-08-13,109 台北一,12,10,7,9.8,850
2014-08-14,109 台北一,10,9.7,6.4,9.1,1225
2014-08-15,109 台北一,14,12.3,7,11.6,1150
2014-08-16,109 台北一,12,10.3,7,10,1500
2014-08-17,109 台北一,12,9.8,7,9.7,980
2014-08-19,109 台北一,12,9.6,7,9.6,1440
2014-08-20,109 台北一,12,10.4,6.3,9.9,1340
2014-08-21,109 台北一,11.6,8,7,8.5,2180
2014-08-22,109 台北一,12,10.2,6.2,9.8,1225
2014-08-23,109 台北一,12,10.3,8,10.2,1150
2014-08-24,109 台北一,12,11.3,7.9,10.7,1000
2014-08-26,109 台北一,10,9.5,6.1,8.9,1275
2014-08-27,109 台北一,10,9.2,7,8.9,1300
2014-08-28,109 台北一,10,8.8,8,8.9,990
2014-08-29,109 台北一,10,8.6,6,8.4,1040
2014-08-30,109 台北一,9.9,7.9,7,8.1,1950
2014-08-31,109 台北一,10,8.2,6.1,8.1,1065
2014-09-02,109 台北一,10,9.1,6.2,8.7,1190
2014-09-03,109 台北一,12,9.5,5.7,9.2,945
2014-09-04,109 台北一,12,10.1,7,9.9,810
2014-09-05,109 台北一,10,9.4,6.6,8.9,1065
2014-09-06,109 台北一,10,9.6,9,9.5,900
2014-09-07,109 台北一,10,9.5,7.8,9.2,1250
2014-09-08,109 台北一,21,18.6,7.7,16.9,2307
2014-09-11,109 台北一,10,7.8,5.6,7.8,1380
2014-09-12,109 台北一,11.9,7.9,5,8.1,1140
2014-09-13,109 台北一,10,7.7,4,7.4,1395
2014-09-14,109 台北一,10,7.8,4,7.5,1425
2014-09-16,109 台北一,10,8.2,5,7.9,1235
2014-09-17,109 台北一,16,10.5,5.3,10.6,685
2014-09-18,109 台北一,16,12.5,5.8,11.9,835
2014-09-19,109 台北一,17,9.5,5.6,10.2,770
2014-09-20,109 台北一,15,11,6,10.8,1380
2014-09-21,109 台北一,15,10,6.6,10.3,1250
2014-09-23,109 台北一,15,10.7,5.9,10.6,1155
2014-09-24,109 台北一,15,9,6,9.6,1505
2014-09-25,109 台北一,16,10.6,5.9,10.7,1120
2014-09-26,109 台北一,15,13.4,8.5,12.7,990
2014-09-27,109 台北一,16.8,10.4,6.7,11,1680
2014-09-28,109 台北一,15,10.6,6,10.6,1155
2014-09-30,109 台北一,15,10.7,5.7,10.5,1500
2014-10-01,109 台北一,15,11.3,5.9,10.9,1155
2014-10-02,109 台北一,14,11.5,6.2,10.9,1625
2014-10-03,109 台北一,13,9.5,5.6,9.4,1700
2014-10-04,109 台北一,13,12,6.3,11.1,1400
2014-10-05,109 台北一,14.9,10.5,5.8,10.4,1725
2014-10-07,109 台北一,14,10.9,6.5,10.7,1518
2014-10-08,109 台北一,16.4,9.9,6.9,10.6,1400
2014-10-09,109 台北一,14.8,9.5,3.5,9.4,2155
2014-10-10,109 台北一,16.2,11.9,6.7,11.7,1250
2014-10-11,109 台北一,13,11.3,7.7,10.9,1450
2014-10-12,109 台北一,12.1,8.8,3.9,8.5,3335
2014-10-14,109 台北一,14.9,10.5,7.6,10.8,1575
2014-10-15,109 台北一,10,6.4,5,6.8,3610
2014-10-16,109 台北一,12.6,6.7,5,7.6,2590
2014-10-17,109 台北一,10.7,9.8,7.2,9.4,1370
2014-10-18,109 台北一,12.7,6.4,6,7.6,2350
2014-10-19,109 台北一,11.1,6.7,4,7,3830
2014-10-21,109 台北一,10.7,5.9,3,6.3,3455
2014-10-22,109 台北一,10.4,5.1,4,5.9,3365
2014-10-23,109 台北一,7.8,3,2,3.8,4180
2014-10-24,109 台北一,8.8,6.2,5,6.5,1350
2014-10-25,109 台北一,9.4,5.1,2,5.3,3000
2014-10-26,109 台北一,8.3,5.2,3.1,5.4,2565
2014-10-28,109 台北一,7.4,3.6,2.5,4.1,2380
2014-10-29,109 台北一,8.2,4.9,2.1,5,2240
2014-10-30,109 台北一,7.1,3.1,2,3.7,3220
2014-10-31,109 台北一,7.4,3.5,2,4,1630
2014-11-01,109 台北一,9.5,5.3,4,5.9,1180
2014-11-02,109 台北一,5.3,5,4.5,5,1110
2014-11-04,109 台北一,13.4,7.2,5,8,1535
2014-11-05,109 台北一,17.1,7,5.4,8.7,2000
2014-11-06,109 台北一,17.5,7.6,4.9,9,2329
2014-11-07,109 台北一,18.1,8,2,8.8,1920
2014-11-08,109 台北一,9,7.8,3.9,7.3,2280
2014-11-09,109 台北一,9.1,6.1,2.6,6,2645
2014-11-11,109 台北一,9.1,6.4,3.7,6.4,2510
2014-11-12,109 台北一,12.6,6.7,2.7,7.1,2125
2014-11-13,109 台北一,12.8,6.3,4,7.2,2130
2014-11-14,109 台北一,13.7,5.8,3.8,7,2180
2014-11-15,109 台北一,17.9,5.9,3.7,7.9,2415
2014-11-16,109 台北一,10.3,5.4,3.9,6.1,2010
2014-11-18,109 台北一,10.8,6,4.9,6.8,2090
2014-11-19,109 台北一,19.6,6.1,5,8.6,2170
2014-11-20,109 台北一,23.5,6.4,4.5,9.4,2050
2014-11-21,109 台北一,6,5.7,5,5.6,1170
2014-11-22,109 台北一,9.6,6,4.4,6.4,1970
2014-11-23,109 台北一,11.9,5.2,4.5,6.4,2450
2014-11-25,109 台北一,9.1,5.9,4.8,6.3,2490
2014-11-26,109 台北一,10.7,4.8,4,5.8,2870
2014-11-27,109 台北一,9.4,5.8,4.6,6.3,1810
2014-11-28,109 台北一,6.8,5.2,4,5.3,2225
2014-11-29,109 台北一,8.5,3.8,1.8,4.3,2945
2014-11-30,109 台北一,13.4,4.1,2.5,5.6,2105
2014-12-02,109 台北一,22.5,5,3.1,8.1,2875
2014-12-03,109 台北一,23.6,7,2.8,9.5,3278
2014-12-04,109 台北一,19.8,6.8,2.4,8.5,3655
2014-12-05,109 台北一,16.4,3.9,3,6.3,4325
2014-12-06,109 台北一,18.7,7.7,3,8.9,3143
2014-12-07,109 台北一,21,8.9,3.7,10.3,3154
2014-12-09,109 台北一,20.5,7,3.4,9,3629
2014-12-10,109 台北一,19.5,10.6,3.3,10.9,5068
2014-12-11,109 台北一,16.3,7.7,3.4,8.5,4680
2014-12-12,109 台北一,14.2,6.7,2.1,7.3,4560
2014-12-13,109 台北一,16.8,8.6,3,9.1,4110
2014-12-14,109 台北一,17.8,8.5,2.7,9.2,4580
2014-12-16,109 台北一,16.1,8.6,3,9,4401
2014-12-17,109 台北一,17.3,8.9,2.9,9.4,4060
2014-12-18,109 台北一,16.6,12.4,5.1,11.8,3360
2014-12-19,109 台北一,16,12.2,3.3,11.2,4645
2014-12-20,109 台北一,14.8,11.1,2.8,10.2,4160
2014-12-21,109 台北一,14.1,10.2,3.6,9.7,3515
2014-12-23,109 台北一,15.4,10.1,3,9.7,3274
2014-12-24,109 台北一,15.5,9.9,3,9.7,3473
2014-12-25,109 台北一,15.6,10.4,2.3,9.8,3830
2014-12-26,109 台北一,17,12.8,4.5,11.9,6105
2014-12-27,109 台北一,13.9,10.1,2.1,9.3,3760
2014-12-28,109 台北一,12.6,8.3,2.5,8,5283
2014-12-30,109 台北一,12.3,9.3,6.6,9.3,4112
2014-12-31,109 台北一,11.4,10,7,9.7,3583
2015-01-01,109 台北一,12.3,9.4,5.8,9.3,3035
2015-01-02,109 台北一,11.2,10.2,7,9.7,2709
2015-01-03,109 台北一,11.4,10.1,7.8,9.9,2865
2015-01-04,109 台北一,14.9,10.8,6.7,10.8,2610
2015-01-06,109 台北一,13.8,12.2,7.4,11.6,2629
2015-01-07,109 台北一,14.7,10.4,6.8,10.6,2976
2015-01-08,109 台北一,11.4,10.1,6.3,9.6,3025
2015-01-09,109 台北一,12.8,10.8,8.5,10.8,2670
2015-01-10,109 台北一,14.4,10,3.4,9.6,3381
2015-01-11,109 台北一,11.7,10.4,6.5,9.9,3326
2015-01-13,109 台北一,12.7,9.7,7,9.8,2095
2015-01-14,109 台北一,11.7,9.4,4.7,8.9,3900
2015-01-15,109 台北一,11.7,9.1,6.6,9.1,2649
2015-01-16,109 台北一,11.5,9.5,7.2,9.4,3029
2015-01-17,109 台北一,10.9,9.2,6.6,9,2882
2015-01-18,109 台北一,11.7,10.1,7.3,9.9,2671
2015-01-20,109 台北一,11.3,9.1,6.8,9.1,3346
2015-01-21,109 台北一,12.3,8.3,5.7,8.5,3171
2015-01-22,109 台北一,11.5,8.3,5.5,8.4,2771
2015-01-23,109 台北一,10.9,9.1,4.4,8.5,2476
2015-01-24,109 台北一,10.7,8.7,4.7,8.3,2309
2015-01-25,109 台北一,10.3,8.8,6,8.6,1946
2015-01-27,109 台北一,12,9.1,6.9,9.2,1885
2015-01-28,109 台北一,10.6,8.6,7.2,8.7,2284
2015-01-29,109 台北一,11.2,8.4,6.7,8.6,1954
2015-01-30,109 台北一,10.8,8.4,6.5,8.5,2407
2015-01-31,109 台北一,10.1,7.5,5.8,7.7,2962
2015-02-01,109 台北一,9.5,7.1,4.1,7,3159
2015-02-03,109 台北一,9.6,8.2,6.4,8.2,1540
2015-02-04,109 台北一,9.8,7.6,5.5,7.6,1785
2015-02-05,109 台北一,9.5,8.1,3.2,7.4,2035
2015-02-06,109 台北一,9.5,7.3,4.8,7.3,1893
2015-02-07,109 台北一,9.7,7.4,7,7.8,1140
2015-02-08,109 台北一,8.8,8,5.2,7.6,984
2015-02-10,109 台北一,17,8.5,6.6,9.8,792
2015-02-11,109 台北一,17.8,10.1,7.6,11.1,984
2015-02-12,109 台北一,13.6,9,7.9,9.7,1320
2015-02-13,109 台北一,15.6,8.3,4.5,9,1915
2015-02-14,109 台北一,18.2,11.4,6.2,11.7,1670
2015-02-15,109 台北一,17.4,10.5,7.5,11.3,1860
2015-02-16,109 台北一,8.3,7,4,6.7,2760
2015-02-17,109 台北一,14.2,8.3,3.2,8.5,750
2015-02-24,109 台北一,13,8.6,7.4,9.2,510
2015-02-25,109 台北一,15,15,15,15,90
2015-02-26,109 台北一,14.7,7.5,7,8.8,478
2015-02-28,109 台北一,15.4,9.7,8,10.5,1048
2015-03-01,109 台北一,14,8.7,6,9.2,930
2015-03-03,109 台北一,14.1,9.1,5.7,9.4,1483
2015-03-04,109 台北一,11,6.8,6,7.5,1150
2015-03-05,109 台北一,12.7,6.7,6,7.8,1170
2015-03-06,109 台北一,10.5,8.1,5.5,8.1,1420
2015-03-10,109 台北一,8.8,6.4,5.9,6.8,2105
2015-03-11,109 台北一,10.9,7.4,7,8.1,280
2015-03-12,109 台北一,8,7.1,4,6.7,225
2015-03-13,109 台北一,9.3,5.6,4,6,240
2015-03-14,109 台北一,12.4,7.5,5.1,8,565
2015-03-15,109 台北一,14.8,10.6,3.1,9.9,515
2015-03-17,109 台北一,14.1,9.4,6.5,9.7,645
2015-03-18,109 台北一,15,10.3,8,10.8,360
2015-03-19,109 台北一,12,10.3,7.5,10.1,545
2015-03-20,109 台北一,13,9.4,6.9,9.6,550
2015-03-21,109 台北一,13,9,7.4,9.5,490
2015-03-22,109 台北一,16,11.7,6.1,11.4,320
2015-03-24,109 台北一,12.2,7.1,6,7.9,1340
2015-03-25,109 台北一,16,10.4,6,10.6,435
2015-03-26,109 台北一,13,11,10,11.2,450
2015-03-27,109 台北一,11.3,9,7,9.1,915
2015-03-28,109 台北一,12.8,8,7,8.7,1510
2015-03-29,109 台北一,11.2,8.5,7,8.8,880
2015-03-31,109 台北一,13.3,8,6.3,8.7,1830
2015-04-01,109 台北一,13.2,10.4,9,10.7,775
2015-04-02,109 台北一,13.8,8.7,7.5,9.5,1355
2015-04-03,109 台北一,11,9.2,7.3,9.2,3365
2015-04-04,109 台北一,8.5,5.7,5,6.2,3585
2015-04-07,109 台北一,11,7.1,5.5,7.6,1200
2015-04-08,109 台北一,11.4,8.4,6.1,8.6,1135
2015-04-09,109 台北一,9.1,7.8,7.5,8,2070
2015-04-10,109 台北一,10.1,7.2,6.5,7.7,2420
2015-04-11,109 台北一,9.4,6.6,5,6.9,1775
2015-04-12,109 台北一,8.4,8,7.2,7.9,2055
2015-04-14,109 台北一,16.1,8.7,6.6,9.8,1360
2015-04-15,109 台北一,10,8.4,6.2,8.3,1095
2015-04-16,109 台北一,13.9,8.8,6.4,9.3,1535
2015-04-17,109 台北一,20.3,9.2,5.4,10.7,1405
2015-04-18,109 台北一,13,10.7,9.6,10.9,1102
2015-04-19,109 台北一,13.1,9.4,5.9,9.4,1255
2015-04-21,109 台北一,14.4,9.4,5.2,9.6,977
2015-04-22,109 台北一,13.6,9,6.7,9.5,685
2015-04-23,109 台北一,20.6,10.3,7.5,11.8,644
2015-04-24,109 台北一,13,10.5,8,10.5,1040
2015-04-25,109 台北一,14.8,10,5.4,10.1,750
2015-04-26,109 台北一,16,14.2,10.1,13.8,315
2015-04-28,109 台北一,13.1,9.6,5,9.4,870
2015-04-29,109 台北一,12.6,9.9,7.1,9.9,743
2015-04-30,109 台北一,13.5,9.7,5,9.5,785
2015-05-01,109 台北一,13.9,10.2,8,10.5,705
2015-05-02,109 台北一,16,13.1,5.3,12.1,788
2015-05-03,109 台北一,14.9,9.4,5.7,9.8,1310
2015-05-05,109 台北一,14.2,10.2,7.6,10.5,770
2015-05-06,109 台北一,17,11.5,9,12.1,695
2015-05-07,109 台北一,17.5,14.6,11.4,14.6,565
2015-05-08,109 台北一,13.8,10.7,5.9,10.4,1275
2015-05-09,109 台北一,15.5,13.8,11.1,13.6,744
2015-05-10,109 台北一,16,13.8,9,13.3,830
2015-05-12,109 台北一,17.2,10.1,9.6,11.4,3195
2015-05-13,109 台北一,17,15,12.8,15,283
2015-05-14,109 台北一,16,10.7,10,11.6,1248
2015-05-15,109 台北一,15.9,11.6,10,12.1,1344
2015-05-16,109 台北一,16.2,10.2,8.3,11,1038
2015-05-17,109 台北一,13.4,10,7.7,10.2,708
2015-05-19,109 台北一,13.6,10.7,8.4,10.8,1086
2015-05-20,109 台北一,12.7,10,9.1,10.4,2358
2015-05-21,109 台北一,12.2,8.2,7.9,8.9,1793
2015-05-22,109 台北一,16,12.7,9.6,12.7,400
2015-05-23,109 台北一,17.8,14.3,10,14.1,650
2015-05-24,109 台北一,16.5,12.8,10,13,1015
2015-05-26,109 台北一,18,16.8,11.4,16,550
2015-05-27,109 台北一,16.9,12.6,11,13.2,1097
2015-05-28,109 台北一,17,14.7,10.2,14.3,940
2015-05-29,109 台北一,19.2,11.4,11,12.9,855
2015-05-30,109 台北一,19.4,12.3,8.7,13,939
2015-05-31,109 台北一,15.7,12.7,9.9,12.7,874
2015-06-02,109 台北一,20.5,12,9.9,13.3,967
2015-06-03,109 台北一,14.9,10,9.9,11,3621
2015-06-04,109 台北一,15,12.4,10,12.4,473
2015-06-05,109 台北一,15.3,12.6,9.5,12.5,892
2015-06-06,109 台北一,12.8,10.3,10,10.7,1217
2015-06-07,109 台北一,13,11.7,10.8,11.8,699
2015-06-09,109 台北一,16.9,10.7,10,11.8,514
2015-06-10,109 台北一,11,11,11,11,400
2015-06-11,109 台北一,13.5,12.2,10.3,12.1,316
2015-06-12,109 台北一,11,11,11,11,216
2015-06-13,109 台北一,11,11,10,10.8,466
2015-06-14,109 台北一,11,11,9.9,10.8,424
2015-06-16,109 台北一,11,10.8,9.3,10.5,628
2015-06-17,109 台北一,11,11,10.1,10.8,210
2015-06-18,109 台北一,11,11,9.2,10.7,765
2015-06-19,109 台北一,11,10.5,7.3,9.9,648
2015-06-20,109 台北一,11,8.3,2,7.6,121
2015-06-23,109 台北一,11,11,11,11,550
2015-06-24,109 台北一,10,10,10,10,120
2015-06-25,109 台北一,10,10,10,10,50
2015-06-27,109 台北一,10,10,10,10,180
2015-06-28,109 台北一,10,10,10,10,340
2015-06-30,109 台北一,10,10,10,10,345
2015-07-01,109 台北一,10,10,10,10,1228
2015-07-02,109 台北一,11,11,11,11,50
2015-07-03,109 台北一,10,10,10,10,600
2015-07-04,109 台北一,10,10,10,10,180
2015-07-05,109 台北一,10,10,10,10,555
2015-07-07,109 台北一,12,10.3,10,10.6,890
2015-07-08,109 台北一,10,10,10,10,210
2015-07-09,109 台北一,10,10,10,10,570
2015-07-10,109 台北一,11,11,11,11,700
2015-07-11,109 台北一,11,11,11,11,150
2015-07-12,109 台北一,10,10,10,10,642
2015-07-14,109 台北一,10,10,10,10,345
2015-07-15,109 台北一,10,9.9,9,9.7,580
2015-07-16,109 台北一,10,10,10,10,360
2015-07-17,109 台北一,10,10,10,10,315
2015-07-18,109 台北一,10,10,10,10,60
2015-07-19,109 台北一,10,10,10,10,662
2015-07-21,109 台北一,22.4,11,11,13.3,835
2015-07-22,109 台北一,11,11,11,11,606
2015-07-23,109 台北一,12,10.5,10,10.7,840
2015-07-24,109 台北一,11.2,10,10,10.2,750
2015-07-25,109 台北一,12.9,9.3,8,9.7,936
2015-07-26,109 台北一,11,10,10,10.2,666
2015-07-28,109 台北一,11,10.3,10,10.4,765
2015-07-29,109 台北一,10,9.8,9,9.7,726
2015-07-30,109 台北一,11,10.3,10,10.4,420
2015-07-31,109 台北一,10.6,10,10,10.1,755
2015-08-01,109 台北一,10,10,10,10,180
2015-08-02,109 台北一,10,10,10,10,400
2015-08-04,109 台北一,10,10,10,10,825
2015-08-05,109 台北一,10,10,10,10,805
2015-08-06,109 台北一,20.2,15.8,10,15.5,2590
2015-08-07,109 台北一,17.5,12.3,10.8,13,1400
2015-08-08,109 台北一,11.6,10.6,8.2,10.3,2615
2015-08-09,109 台北一,13.5,10.4,10,10.9,1370
2015-08-11,109 台北一,11,11,11,11,900
2015-08-12,109 台北一,14.4,11,11,11.7,1985
2015-08-13,109 台北一,13,11.6,11,11.7,1050
2015-08-14,109 台北一,15,12.5,11,12.7,420
2015-08-15,109 台北一,17.1,15,15,15.4,1260
2015-08-16,109 台北一,17.5,13.3,13,14.1,2145
2015-08-18,109 台北一,23,17.2,13,17.5,720
2015-08-19,109 台北一,21.4,17,17,17.9,1625
2015-08-20,109 台北一,21.2,18.4,17,18.7,1615
2015-08-21,109 台北一,20.8,18.6,10,17.3,1980
2015-08-22,109 台北一,22,20.2,17,19.9,1755
2015-08-23,109 台北一,18.6,16.6,10.3,15.7,2875
2015-08-25,109 台北一,18.3,15.5,9.2,14.8,2355
2015-08-26,109 台北一,22.7,13.8,8,14.4,1300
2015-08-27,109 台北一,22,17.8,9.6,17,1920
2015-08-28,109 台北一,18.9,16.2,10.2,15.5,4595
2015-09-01,109 台北一,18.2,15.9,13,15.8,3210
2015-09-02,109 台北一,18.9,16.3,12.5,16.1,3535
2015-09-03,109 台北一,20.2,15.8,13.4,16.2,2530
2015-09-04,109 台北一,23,21.3,16.2,20.6,3945
2015-09-05,109 台北一,23,18.2,14,18.3,2805
2015-09-06,109 台北一,23,17.6,14.5,18.1,2325
2015-09-08,109 台北一,23.7,19.1,11,18.4,3345
2015-09-09,109 台北一,22.9,17.7,11.7,17.5,3435
2015-09-10,109 台北一,21.7,21,17.3,20.4,2490
2015-09-11,109 台北一,22.6,20.4,15.6,19.9,2400
2015-09-12,109 台北一,21.4,20.7,16,19.9,1665
2015-09-13,109 台北一,23,21,15.4,20.3,1860
2015-09-15,109 台北一,24.6,19.3,14.6,19.4,1100
2015-09-16,109 台北一,22.5,21,16.1,20.3,1390
2015-09-17,109 台北一,21,21,20.2,20.8,905
2015-09-18,109 台北一,23.9,16.2,15,17.5,955
2015-09-19,109 台北一,20.8,17.2,14.8,17.5,1820
2015-09-20,109 台北一,21,20,20,20.2,1470
2015-09-22,109 台北一,20,18.3,18,18.6,1680
2015-09-23,109 台北一,22,18.5,18,19.1,690
2015-09-24,109 台北一,19.2,17.8,15,17.5,1825
2015-09-25,109 台北一,18.8,18,17.7,18.1,1370
2015-09-26,109 台北一,25.9,19.3,18,20.4,700
2015-09-27,109 台北一,20.8,18.1,18,18.6,1960
2015-09-30,109 台北一,24.4,18,18,19.3,750
2015-10-01,109 台北一,23.3,18,18,19.1,850
2015-10-02,109 台北一,18.7,18,18,18.1,860
2015-10-03,109 台北一,18,18,18,18,470
2015-10-04,109 台北一,18,18,18,18,950
2015-10-06,109 台北一,18,18,18,18,820
2015-10-07,109 台北一,18,18,18,18,610
2015-10-08,109 台北一,18,18,18,18,315
2015-10-09,109 台北一,18,18,18,18,505
2015-10-10,109 台北一,22,21.6,21,21.5,775
2015-10-11,109 台北一,22,22,22,22,1325
2015-10-13,109 台北一,22,21.9,15,20.5,720
2015-10-14,109 台北一,22,20.6,18,20.4,800
2015-10-15,109 台北一,22,22,22,22,1260
2015-10-16,109 台北一,22,22,22,22,440
2015-10-17,109 台北一,22,22,22,22,1470
2015-10-18,109 台北一,22,22,22,22,1575
2015-10-20,109 台北一,22,22,22,22,850
2015-10-21,109 台北一,22,22,22,22,470
2015-10-22,109 台北一,22,22,22,22,1255
2015-10-23,109 台北一,23.2,22,22,22.2,510
2015-10-24,109 台北一,26,26,26,26,240
2015-10-25,109 台北一,26,26,23.3,25.5,1635
2015-10-27,109 台北一,26,25.9,22.2,25.2,1735
2015-10-28,109 台北一,26.9,25.4,23,25.2,1000
2015-10-29,109 台北一,26,26,23.9,25.6,1340
2015-10-30,109 台北一,26,25.2,25,25.3,400
2015-10-31,109 台北一,26,26,26,26,1555
2015-11-01,109 台北一,26,26,26,26,700
2015-11-03,109 台北一,26,26,24.1,25.6,1980
2015-11-04,109 台北一,26,26,26,26,595
2015-11-05,109 台北一,26,26,22.6,25.3,725
2015-11-06,109 台北一,26,26,26,26,1035
2015-11-07,109 台北一,26,26,26,26,815
2015-11-08,109 台北一,26,26,26,26,1145
2015-11-10,109 台北一,26,26,26,26,1150
2015-11-11,109 台北一,29.2,26,22.1,25.9,1170
2015-11-12,109 台北一,26,26,25,25.8,940
2015-11-13,109 台北一,26.2,26,21.3,25.1,1339
2015-11-14,109 台北一,26,25.3,20,24.4,1895
2015-11-15,109 台北一,26,21.8,16,21.5,1655
2015-11-17,109 台北一,26.2,25.6,17.5,24.1,1610
2015-11-18,109 台北一,27.5,22,18,22.3,2665
2015-11-19,109 台北一,28,21.8,13.5,21.4,1505
2015-11-20,109 台北一,32.4,21.4,15.2,22.4,1620
2015-11-21,109 台北一,24.1,21.7,13.6,20.5,1720
2015-11-22,109 台北一,23,17.4,7.7,16.6,2981
2015-11-24,109 台北一,23.3,17.4,9.7,17,2505
2015-11-25,109 台北一,25.8,19.9,11.7,19.5,3125
2015-11-26,109 台北一,28.6,20.2,9.1,19.6,2310
2015-11-27,109 台北一,32.4,20.9,7.2,20.5,2100
2015-11-28,109 台北一,29,22,6.5,20.3,3280
2015-11-29,109 台北一,27.9,21.1,9.3,20.1,2385
2015-12-01,109 台北一,30,20.2,8.6,19.8,2160
2015-12-02,109 台北一,34.2,24.2,9.2,23.2,1515
2015-12-03,109 台北一,25.9,24.2,12.7,22.3,1575
2015-12-04,109 台北一,30,24.4,20.1,24.6,1394
2015-12-05,109 台北一,27.1,23.4,14,22.3,2285
2015-12-06,109 台北一,31,22.3,11.3,21.9,1495
2015-12-08,109 台北一,34,19.1,12,20.7,1170
2015-12-09,109 台北一,31.6,26,14.5,24.8,1746
2015-12-10,109 台北一,30.3,24.4,10.2,22.7,2085
2015-12-11,109 台北一,29.7,23.9,13.8,23,723
2015-12-12,109 台北一,34.5,26.9,15,26,1989
2015-12-13,109 台北一,28.3,23.8,14.9,22.9,1991
2015-12-15,109 台北一,38,27.5,16.6,27.4,2091
2015-12-16,109 台北一,28.1,23.1,17.6,23,1540
2015-12-17,109 台北一,32.6,24.9,20.1,25.5,1465
2015-12-18,109 台北一,30,26.2,17.8,25.3,1963
2015-12-19,109 台北一,28.5,23.6,15.7,23,2516
2015-12-20,109 台北一,30.2,22.8,14.2,22.6,3366
2015-12-22,109 台北一,30.3,23,15.5,23,5661
2015-12-23,109 台北一,26.9,22.1,14,21.4,6822
2015-12-24,109 台北一,23.2,18,11.2,17.7,8043
2015-12-25,109 台北一,19.1,13.9,7.5,13.7,8318
2015-12-26,109 台北一,25.8,15.4,8.5,16.1,6775
2015-12-27,109 台北一,22.3,12.4,5.3,13,5912
2015-12-29,109 台北一,22.3,13.7,9.1,14.5,6135
2015-12-30,109 台北一,24.2,16.5,9.5,16.6,5594
2015-12-31,109 台北一,19.7,13.9,8.6,14,5425
2016-01-01,109 台北一,21.5,13.2,6.6,13.5,5081
2016-01-02,109 台北一,21.9,15.1,6.2,14.7,4252
2016-01-03,109 台北一,21.1,14.7,7.2,14.5,4108
2016-01-05,109 台北一,22.8,16.2,11.2,16.5,3358
2016-01-06,109 台北一,19.9,12.2,7.9,12.9,4515
2016-01-07,109 台北一,18.1,11.1,5,11.3,3068
2016-01-08,109 台北一,17.9,12.2,5.5,12,4565
2016-01-09,109 台北一,17.8,12,5.1,11.8,4122
2016-01-10,109 台北一,18.1,12.7,5.1,12.2,4197
2016-01-12,109 台北一,20.3,12.6,7.1,13,3446
2016-01-13,109 台北一,17.3,12.8,6.4,12.5,3035
2016-01-14,109 台北一,16.3,11.3,6.6,11.4,3494
2016-01-15,109 台北一,16,12.2,7.3,12,2820
2016-01-16,109 台北一,15.2,9.4,6.3,10,3610
2016-01-17,109 台北一,20,10.8,5.4,11.6,3115
2016-01-19,109 台北一,20,11.8,7.3,12.5,3481
2016-01-20,109 台北一,13.4,10.7,7.5,10.6,4468
2016-01-21,109 台北一,15.9,10.9,7.7,11.3,4939
2016-01-22,109 台北一,16.5,10.2,7.4,10.9,3991
2016-01-23,109 台北一,15.5,9.6,6.6,10.2,4700
2016-01-24,109 台北一,15.5,11.1,6.9,11.1,4311
2016-01-26,109 台北一,21.5,16.1,12.8,16.5,3694
2016-01-27,109 台北一,18.9,14,8.7,13.9,5673
2016-01-28,109 台北一,17.5,11.8,7.6,12.1,7819
2016-01-29,109 台北一,15.3,11.4,7.9,11.5,4728
2016-01-30,109 台北一,20.5,13.6,10.2,14.3,2603
2016-01-31,109 台北一,20.2,13.5,7.6,13.7,3011
2016-02-01,109 台北一,16.8,12.4,9.3,12.7,3873
2016-02-02,109 台北一,17.7,9.5,3.8,10,5648
2016-02-03,109 台北一,15,11,5.7,10.8,6442
2016-02-04,109 台北一,20.7,12.8,5.3,12.9,5536
2016-02-05,109 台北一,19.1,14.1,7.6,13.8,5758
2016-02-06,109 台北一,20.7,15.4,8.2,15,4006
2016-02-07,109 台北一,14,11.3,3.9,10.4,2141
2016-02-13,109 台北一,19.3,15.9,13.1,16,2733
2016-02-14,109 台北一,19,13.8,10.6,14.2,3567
2016-02-17,109 台北一,18.2,14.8,10.3,14.6,7049
2016-02-18,109 台北一,18.5,10.9,7.4,11.7,5840
2016-02-19,109 台北一,17.2,11.4,7.2,11.8,4268
2016-02-20,109 台北一,17.2,13.1,9.1,13.1,5405
2016-02-21,109 台北一,15.3,12.2,6.5,11.7,6560
2016-02-25,109 台北一,17.1,12.9,6.7,12.5,4835
2016-02-26,109 台北一,17.2,12.7,6.7,12.4,5193
2016-02-27,109 台北一,16,12.5,7.6,12.2,6707
2016-02-28,109 台北一,14.8,12.1,8.5,11.9,5499
2016-03-01,109 台北一,14.5,12.1,8.2,11.8,5559
2016-03-02,109 台北一,16.2,12.5,9.2,12.6,4062
2016-03-03,109 台北一,14.9,12.1,6.9,11.6,4162
2016-03-04,109 台北一,16.2,11.8,8.7,12.1,3450
2016-03-05,109 台北一,17.5,12.8,9.1,13,4022
2016-03-06,109 台北一,18.4,14.4,10.5,14.4,4692
2016-03-08,109 台北一,16.8,15.4,11,14.8,4842
2016-03-09,109 台北一,14.2,13.3,9.4,12.7,4386
2016-03-10,109 台北一,14.3,12.5,9.7,12.3,3876
2016-03-11,109 台北一,14.3,13.4,11.7,13.2,2711
2016-03-12,109 台北一,19,13.6,12,14.4,1986
2016-03-13,109 台北一,19.8,14.3,8,14.1,3144
2016-03-15,109 台北一,20.7,15.5,10.5,15.5,4424
2016-03-16,109 台北一,20.1,14.3,11.4,14.9,4340
2016-03-17,109 台北一,23,17.7,12.2,17.7,1440
2016-03-18,109 台北一,23.5,17.7,13.4,18,3978
2016-03-19,109 台北一,24.6,18.1,12.7,18.4,3315
2016-03-20,109 台北一,23.1,18,13.5,18.1,2473
2016-03-22,109 台北一,23.3,18.2,14.5,18.5,4911
2016-03-23,109 台北一,23.3,17.5,14.3,18,3278
2016-03-24,109 台北一,19.4,16.6,12.7,16.3,4441
2016-03-25,109 台北一,20.9,17.3,12.7,17.1,2840
2016-03-26,109 台北一,23.3,17.7,14.7,18.2,2430
2016-03-27,109 台北一,24.5,17.9,15.1,18.7,4065
2016-03-29,109 台北一,24.7,20.3,15.4,20.2,6409
2016-03-30,109 台北一,24.2,18.5,15,19,3889
2016-03-31,109 台北一,24.9,17.6,15.7,18.7,5492
2016-04-01,109 台北一,22.5,18.1,15.1,18.4,6095
2016-04-02,109 台北一,19.7,17.4,12.6,16.9,6530
2016-04-03,109 台北一,21.1,16.9,8.2,16,5746
2016-04-06,109 台北一,17,14.9,9.4,14.2,1595
2016-04-07,109 台北一,19.1,17.4,8.4,15.9,4015
2016-04-08,109 台北一,19,15.3,9.1,14.8,3443
2016-04-09,109 台北一,19.9,15.7,7.4,14.9,3087
2016-04-10,109 台北一,19,13.9,6.3,13.4,3143
2016-04-12,109 台北一,20.2,15.7,7.7,15,3113
2016-04-13,109 台北一,22.3,15,9.4,15.4,4352
2016-04-14,109 台北一,18,11.7,4.6,11.6,2952
2016-04-15,109 台北一,18,13.8,2.6,12.4,1321
2016-04-16,109 台北一,19.3,10.9,4.5,11.3,1216
2016-04-17,109 台北一,21.7,18,12.7,17.7,1833
2016-04-19,109 台北一,18.7,18,14.7,17.5,2438
2016-04-20,109 台北一,21.6,18,14.1,17.9,2094
2016-04-21,109 台北一,19,17.7,12.7,17,2636
2016-04-22,109 台北一,22.7,17.9,14.1,18.1,2461
2016-04-23,109 台北一,18.4,17.6,13,16.9,2749
2016-04-24,109 台北一,19.3,17.6,12.7,17,2287
2016-04-26,109 台北一,20.4,17.7,11.6,17,2788
2016-04-27,109 台北一,18,14.9,9.9,14.5,2018
2016-04-28,109 台北一,18,17.7,12.3,16.7,853
2016-04-29,109 台北一,18,16.3,11.4,15.7,1543
2016-04-30,109 台北一,18.4,16.6,10.9,15.8,1973
2016-05-01,109 台北一,18.2,16.8,11.6,16,2702
2016-05-03,109 台北一,18.2,18,14.1,17.3,1861
2016-05-04,109 台北一,18.2,17.9,11.4,16.7,1443
2016-05-05,109 台北一,20.4,18,13,17.5,841
2016-05-06,109 台北一,27.5,19.2,17,20.4,750
2016-05-07,109 台北一,19.9,17.8,12.6,17.2,1909
2016-05-08,109 台北一,25,18.5,15,19.1,395
2016-05-10,109 台北一,19.3,11.4,9,12.5,1965
2016-05-11,109 台北一,19,17.8,12.4,17,1050
2016-05-12,109 台北一,21.2,19,15.7,18.8,905
2016-05-13,109 台北一,19,18.3,14.6,17.7,1322
2016-05-14,109 台北一,22.2,19,16.4,19.1,1458
2016-05-15,109 台北一,19.3,18.5,13.4,17.7,1150
2016-05-17,109 台北一,20.4,18.8,12.5,17.9,1570
2016-05-18,109 台北一,19.9,19,17.2,18.8,1290
2016-05-19,109 台北一,19,17.5,13.2,17,1135
2016-05-20,109 台北一,21.1,18.4,13.2,17.9,1235
2016-05-21,109 台北一,19,17.5,9.7,16.2,1365
2016-05-22,109 台北一,19,18,13.1,17.2,790
2016-05-24,109 台北一,19,18.6,11.8,17.3,1421
2016-05-25,109 台北一,19,19,15,18.2,621
2016-05-26,109 台北一,19,18.8,11.4,17.4,831
2016-05-27,109 台北一,19,18.8,14.2,17.9,834
2016-05-28,109 台北一,20,19.5,9.8,17.7,766
2016-05-29,109 台北一,19,19,16,18.4,1166
2016-05-31,109 台北一,19,19,12.3,17.6,1114
2016-06-01,109 台北一,19,18.8,9.6,17,883
2016-06-02,109 台北一,19,19,10.3,17.3,777
2016-06-03,109 台北一,19,19,15.7,18.3,671
2016-06-04,109 台北一,20,20,18.3,19.7,1276
2016-06-05,109 台北一,20,20,18.7,19.7,1003
2016-06-07,109 台北一,19.9,19,19,19.2,1085
2016-06-08,109 台北一,19,19,19,19,1154
2016-06-09,109 台北一,19,19,17.5,18.7,2024
2016-06-12,109 台北一,19,19,19,19,1590
2016-06-14,109 台北一,19.2,19,19,19,1533
2016-06-15,109 台北一,19,19,19,19,926
2016-06-16,109 台北一,19,19,19,19,855
2016-06-17,109 台北一,20,19,19,19.2,1674
2016-06-18,109 台北一,20,18.9,18,18.9,1919
2016-06-19,109 台北一,19,19,19,19,1079
2016-06-21,109 台北一,19,19,19,19,1027
2016-06-22,109 台北一,20,19.1,16.6,18.8,1242
2016-06-23,109 台北一,19,18.9,15,18.1,1403
2016-06-24,109 台北一,19,18,15,17.6,1118
2016-06-25,109 台北一,20,19,16.9,18.8,1013
2016-06-26,109 台北一,19,19,19,19,1077
2016-06-28,109 台北一,19,19,19,19,1091
2016-06-29,109 台北一,20.7,19,19,19.4,1292
2016-06-30,109 台北一,22,19.3,19,19.8,580
2016-07-01,109 台北一,22.2,19,19,19.6,795
2016-07-02,109 台北一,26.5,19.9,19,21,1081
2016-07-03,109 台北一,22.6,19.2,19,19.8,1203
2016-07-05,109 台北一,25.5,19.7,19,20.7,1778
2016-07-06,109 台北一,23,19.2,19,19.9,1567
2016-07-07,109 台北一,29.7,20.7,19.6,22.3,2217
2016-07-08,109 台北一,22,20.9,20,20.9,1147
2016-07-09,109 台北一,28,21.6,21,22.8,1191
2016-07-10,109 台北一,25.7,21.5,21,22.3,1563
2016-07-12,109 台北一,24.7,20.8,19,21.2,1814
2016-07-13,109 台北一,33.7,22.5,18,23.9,930
2016-07-14,109 台北一,24.7,19.1,18,20,1146
2016-07-15,109 台北一,25.2,18.6,18,19.8,1145
2016-07-16,109 台北一,28.7,20,18,21.3,972
2016-07-17,109 台北一,25.4,18.9,18,20,1343
2016-07-19,109 台北一,25.3,18.1,17.4,19.4,2162
2016-07-20,109 台北一,26,18.4,18,19.9,1662
2016-07-21,109 台北一,26.2,19.5,18,20.5,1065
2016-07-22,109 台北一,27.4,18,18,19.9,859
2016-07-23,109 台北一,28.1,19.7,18,21.1,1095
2016-07-24,109 台北一,26.3,18.8,18,20.1,1404
2016-07-26,109 台北一,26.7,18,18,19.7,1602
2016-07-27,109 台北一,25.8,19.6,18,20.5,1185
2016-07-28,109 台北一,26.4,19.6,17.6,20.6,1020
2016-07-29,109 台北一,26.1,18.7,17.1,19.9,1457
2016-07-30,109 台北一,28.1,20,18,21.2,1221
2016-07-31,109 台北一,26.4,18.9,17.4,20.1,1375
2016-08-02,109 台北一,30,20.1,18,21.7,2413
2016-08-03,109 台北一,31.2,19.1,16.3,21,2510
2016-08-04,109 台北一,30.4,19.9,14.2,20.8,2650
2016-08-05,109 台北一,31.1,19.5,11.1,20.1,2332
2016-08-06,109 台北一,29.4,17,7.5,17.6,2455
2016-08-07,109 台北一,28.9,16.3,6.9,17,1919
2016-08-09,109 台北一,32,19.1,6.6,19.1,1761
2016-08-10,109 台北一,35,21.1,17.9,23.3,1326
2016-08-11,109 台北一,32,19.4,8,19.6,1446
2016-08-12,109 台北一,32.5,20.9,10.5,21.2,1297
2016-08-13,109 台北一,33.2,21.7,9.8,21.6,1277
2016-08-14,109 台北一,30.4,18,7.4,18.4,1214
2016-08-16,109 台北一,24.6,18,10.6,17.8,1476
2016-08-17,109 台北一,24.8,18,18,19.4,1425
2016-08-20,109 台北一,26.7,18,18,19.7,1206
2016-08-21,109 台北一,28.6,18,18,20.1,1206
2016-08-23,109 台北一,21.2,18.8,18,19.1,1095
2016-08-24,109 台北一,35,19.5,19,22.5,1235
2016-08-25,109 台北一,35,19.6,19,22.6,675
2016-08-26,109 台北一,29,19,19,21,1195
2016-08-27,109 台北一,32.9,19,19,21.8,865
2016-08-28,109 台北一,29.3,19,19,21.1,1170
2016-08-30,109 台北一,35,20.2,19,22.9,1230
2016-08-31,109 台北一,31.8,18.9,6.5,19,1885
2016-09-01,109 台北一,35,21.3,18,23.4,985
2016-09-02,109 台北一,35,19.1,17.8,22.1,1460
2016-09-03,109 台北一,35,20.4,19,23.1,1200
2016-09-04,109 台北一,35,20.8,18.6,23.2,1120
2016-09-06,109 台北一,35,15.7,14,19.2,1205
2016-09-07,109 台北一,34.8,18.5,14,20.9,1655
2016-09-08,109 台北一,35,14.9,14,18.7,1335
2016-09-09,109 台北一,35,20.3,14,22,790
2016-09-10,109 台北一,33.8,14,14,18,1590
2016-09-11,109 台北一,35,16.1,14,19.5,1150
2016-09-13,109 台北一,35,14.6,14,18.6,1375
2016-09-14,109 台北一,34.1,14.6,14,18.4,1650
2016-09-15,109 台北一,34.2,14,14,18,1560
2016-09-18,109 台北一,36,19.1,14.6,21.6,1390
2016-09-20,109 台北一,36,15.9,15,19.7,1335
2016-09-21,109 台北一,36,15.1,15,19.3,1470
2016-09-22,109 台北一,38,17.7,15,21.2,1105
2016-09-23,109 台北一,40,17,15,21.2,1215
2016-09-24,109 台北一,39.1,19.6,12.9,22.1,1925
2016-09-25,109 台北一,35.8,18.1,12.9,20.6,2055
2016-09-27,109 台北一,37,19.6,16,22.3,2245
2016-09-29,109 台北一,28,16,16,18.4,1380
2016-09-30,109 台北一,36.7,22.5,16,24,2690
2016-10-01,109 台北一,28.6,16,16,18.5,1305
2016-10-02,109 台北一,33.7,19,16,21.3,1975
2016-10-04,109 台北一,38,23.2,20,25.5,1935
2016-10-05,109 台北一,34.4,20,20,22.9,1315
2016-10-06,109 台北一,30.2,21,20.6,22.8,1385
2016-10-07,109 台北一,38,23.7,21,26,1020
2016-10-08,109 台北一,34.3,23.4,16.6,24.2,2785
2016-10-09,109 台北一,28,25.7,25,26,1445
2016-10-11,109 台北一,25,25,24,24.8,1190
2016-10-12,109 台北一,28,25.1,25,25.6,1425
2016-10-13,109 台北一,25,25,20.9,24.2,1035
2016-10-14,109 台北一,25,25,25,25,1205
2016-10-15,109 台北一,25,25,24,24.8,1550
2016-10-16,109 台北一,31.5,25,25,26.3,1150
2016-10-18,109 台北一,26,25,25,25.2,1477
2016-10-19,109 台北一,41.1,25,25,28.2,900
2016-10-20,109 台北一,28,28,26.1,27.6,780
2016-10-21,109 台北一,30,28.4,22.4,27.5,1120
2016-10-22,109 台北一,32,32,26.2,30.8,540
2016-10-23,109 台北一,32,32,32,32,1200
2016-10-25,109 台北一,25,21,21,21.8,1380
2016-10-26,109 台北一,21,21,21,21,845
2016-10-27,109 台北一,21,21,21,21,350
2016-10-28,109 台北一,21,21,21,21,1040
2016-10-29,109 台北一,21,21,20,20.8,595
2016-10-30,109 台北一,21,21,20.6,20.9,1170
2016-11-01,109 台北一,21,21,21,21,420
2016-11-02,109 台北一,53.7,21,21,27.5,520
2016-11-03,109 台北一,61.5,25.8,21,32,570
2016-11-04,109 台北一,27.7,21,21,22.3,625
2016-11-05,109 台北一,44.4,23.1,21,26.9,170
2016-11-06,109 台北一,23.2,21,21,21.4,860
2016-11-08,109 台北一,40.3,24.7,21,27.1,870
2016-11-09,109 台北一,58.1,34,21,36.2,420
2016-11-10,109 台北一,40.8,31.8,27.5,32.7,795
2016-11-11,109 台北一,44.2,31.3,20.5,31.7,1081
2016-11-12,109 台北一,41.9,27.6,20.7,29.1,1831
2016-11-13,109 台北一,37,22.1,16.7,24,1760
2016-11-15,109 台北一,40.4,23.2,15.3,25.1,2558
2016-11-16,109 台北一,50.4,24.5,13.4,27.5,2583
2016-11-17,109 台北一,50.2,26.1,10.1,27.7,2810
2016-11-18,109 台北一,47.6,32.1,18.7,32.5,2877
2016-11-19,109 台北一,48.8,27.5,12.1,28.7,3575
2016-11-20,109 台北一,49.3,23.8,11.8,26.5,4368
2016-11-22,109 台北一,57.3,34.9,16.8,35.7,3725
2016-11-23,109 台北一,54.6,34.6,17.9,35.3,3066
2016-11-24,109 台北一,57.7,39.2,26.9,40.4,2607
2016-11-25,109 台北一,50.2,31.6,11.4,31.3,4635
2016-11-26,109 台北一,50.9,32.9,13.6,32.7,5163
2016-11-27,109 台北一,49.7,32,13.2,31.8,4830
2016-11-29,109 台北一,62.5,37.2,21.9,39.2,5093
2016-11-30,109 台北一,49,32,15.6,32.1,6147
2016-12-01,109 台北一,55.8,35.6,18.7,36.3,4619
2016-12-02,109 台北一,53.9,33,13.5,33.3,5561
2016-12-03,109 台北一,61,33.8,12.7,35,5100
2016-12-04,109 台北一,52.7,35.1,12.7,34.2,4146
2016-12-06,109 台北一,53.2,34.2,10,33.1,5579
2016-12-07,109 台北一,47.9,36.1,12.8,33.8,4879
2016-12-08,109 台北一,46.2,31.9,11.5,30.7,5213
2016-12-09,109 台北一,54.7,36.9,11.7,35.4,4624
2016-12-10,109 台北一,55.4,36,12.6,35.2,4923
2016-12-11,109 台北一,49.3,36.4,10.4,33.8,3817
2016-12-13,109 台北一,55.1,44,28.2,43.1,4381
2016-12-14,109 台北一,57.6,40.7,15.7,39.1,5346
2016-12-15,109 台北一,62,41.8,24.4,42.3,5018
2016-12-16,109 台北一,63.6,41.5,16.8,41,4998
2016-12-17,109 台北一,63.1,50.3,31.8,49.2,4663
2016-12-18,109 台北一,60.8,41,14.2,39.6,6124
2016-12-20,109 台北一,58.5,37.2,17.8,37.5,5154
2016-12-21,109 台北一,51.5,36.1,19.4,35.9,6428
2016-12-22,109 台北一,44.5,32.8,15.5,31.7,3382
2016-12-23,109 台北一,47,38.5,18.4,36.2,3257
2016-12-24,109 台北一,47,31.9,16.6,31.8,5547
2016-12-25,109 台北一,45.1,30,14.5,29.9,5350
2016-12-27,109 台北一,41.8,29.3,18.8,29.7,5720
2016-12-28,109 台北一,41.7,27.3,16.3,28,5983
2016-12-29,109 台北一,43.9,30.2,16.3,30.1,3196
2016-12-30,109 台北一,40.2,28.3,17.3,28.5,4504
2016-12-31,109 台北一,40.6,24.7,17.9,26.5,6395