2013-01-01, 0
2013-02-01, 0
2013-03-01, 0
2013-04-01, 0
2013-05-01, 39.2
2013-06-01, 0
2013-07-01, 1.9
2013-08-01, 5.0
2013-09-01, 102.5
2013-10-01, 0
2013-11-01, 0
2013-12-01, 0
2013-01-02, 1.5
2013-02-02, 2.5
2013-03-02, 13.0
2013-04-02, 0
2013-05-02, 20.7
2013-06-02, 0
2013-07-02, 13.2
2013-08-02, 1.0
2013-09-02, 0
2013-10-02, 0
2013-11-02, 8.2
2013-12-02, 0
2013-01-03, 2.5
2013-02-03, 0
2013-03-03, 0
2013-04-03, 49.0
2013-05-03, 53.0
2013-06-03, 0
2013-07-03, 13.4
2013-08-03, 0
2013-09-03, 0
2013-10-03, 0
2013-11-03, 4.3
2013-12-03, 0
2013-01-04, 0
2013-02-04, 0
2013-03-04, 0
2013-04-04, 11.3
2013-05-04, 5.5
2013-06-04, 0
2013-07-04, 1.8
2013-08-04, 6.6
2013-09-04, 2.6
2013-10-04, 0
2013-11-04, 8.7
2013-12-04, 0
2013-01-05, 0
2013-02-05, 0
2013-03-05, 0
2013-04-05, 129.5
2013-05-05, 10.5
2013-06-05, 0.6
2013-07-05, 0
2013-08-05, 0
2013-09-05, 0.2
2013-10-05, 0
2013-11-05, 0
2013-12-05, 0
2013-01-06, 0
2013-02-06, 0
2013-03-06, 0
2013-04-06, 24.9
2013-05-06, 26.0
2013-06-06, 6.4
2013-07-06, 10.0
2013-08-06, 1.3
2013-09-06, 1.2
2013-10-06, 13.5
2013-11-06, 0
2013-12-06, 0
2013-01-07, 0
2013-02-07, 0
2013-03-07, 0
2013-04-07, 1.0
2013-05-07, 0
2013-06-07, 6.0
2013-07-07, 8.0
2013-08-07, 11.0
2013-09-07, 0.1
2013-10-07, 1.1
2013-11-07, 0
2013-12-07, 0
2013-01-08, 2.1
2013-02-08, 1.0
2013-03-08, 0
2013-04-08, 0
2013-05-08, 0
2013-06-08, 0
2013-07-08, 39.0
2013-08-08, 8.0
2013-09-08, 0
2013-10-08, 1.5
2013-11-08, 0
2013-12-08, 0
2013-01-09, 9.0
2013-02-09, 0
2013-03-09, 0
2013-04-09, 16.5
2013-05-09, 0
2013-06-09, 0.4
2013-07-09, 15.5
2013-08-09, 2.0
2013-09-09, 0
2013-10-09, 0
2013-11-09, 0
2013-12-09, 0.4
2013-01-10, 4.5
2013-02-10, 0
2013-03-10, 0
2013-04-10, 21.5
2013-05-10, 29.0
2013-06-10, 14.0
2013-07-10, 1.0
2013-08-10, 0.5
2013-09-10, 0
2013-10-10, 0
2013-11-10, 1.0
2013-12-10, 0
2013-01-11, 2.5
2013-02-11, 0
2013-03-11, 0
2013-04-11, 3.5
2013-05-11, 47.5
2013-06-11, 1.5
2013-07-11, 0
2013-08-11, 0.5
2013-09-11, 5.0
2013-10-11, 0
2013-11-11, 0
2013-12-11, 9.0
2013-01-12, 0.5
2013-02-12, 0
2013-03-12, 0
2013-04-12, 9.5
2013-05-12, 20.0
2013-06-12, 17.5
2013-07-12, 124.0
2013-08-12, 0
2013-09-12, 8.0
2013-10-12, 0
2013-11-12, 0
2013-12-12, 0
2013-01-13, 9.5
2013-02-13, 0
2013-03-13, 0
2013-04-13, 2.5
2013-05-13, 18.5
2013-06-13, 8.5
2013-07-13, 757.0
2013-08-13, 0
2013-09-13, 10.0
2013-10-13, 0
2013-11-13, 1.3
2013-12-13, 2.0
2013-01-14, 0
2013-02-14, 0
2013-03-14, 0
2013-04-14, 12.5
2013-05-14, 3.5
2013-06-14, 7.0
2013-07-14, 43.2
2013-08-14, 77.5
2013-09-14, 10.0
2013-10-14, 0
2013-11-14, 0
2013-12-14, 5.5
2013-01-15, 0
2013-02-15, 0
2013-03-15, 0
2013-04-15, 0
2013-05-15, 10.5
2013-06-15, 34.0
2013-07-15, 23.3
2013-08-15, 1.5
2013-09-15, 11.5
2013-10-15, 0
2013-11-15, 0
2013-12-15, 2.6
2013-01-16, 0
2013-02-16, 0
2013-03-16, 0
2013-04-16, 0
2013-05-16, 13.5
2013-06-16, 12.5
2013-07-16, 0
2013-08-16, 2.0
2013-09-16, 0
2013-10-16, 0
2013-11-16, 0
2013-12-16, 4.5
2013-01-17, 0
2013-02-17, 0
2013-03-17, 0
2013-04-17, 0
2013-05-17, 123.0
2013-06-17, 0.5
2013-07-17, 3.2
2013-08-17, 31.5
2013-09-17, 0
2013-10-17, 0
2013-11-17, 0
2013-12-17, 85.7
2013-01-18, 0
2013-02-18, 0
2013-03-18, 4.5
2013-04-18, 1.5
2013-05-18, 73.5
2013-06-18, 24.5
2013-07-18, 6.5
2013-08-18, 18.3
2013-09-18, 2.9
2013-10-18, 0
2013-11-18, 0
2013-12-18, 14.9
2013-01-19, 0
2013-02-19, 0
2013-03-19, 0
2013-04-19, 3.0
2013-05-19, 210.0
2013-06-19, 0
2013-07-19, 1.0
2013-08-19, 0
2013-09-19, 5.5
2013-10-19, 0
2013-11-19, 0
2013-12-19, 1.1
2013-01-20, 0
2013-02-20, 0
2013-03-20, 0
2013-04-20, 26.5
2013-05-20, 89.0
2013-06-20, 0
2013-07-20, 0
2013-08-20, 1.0
2013-09-20, 0.4
2013-10-20, 0
2013-11-20, 0
2013-12-20, 8.5
2013-01-21, 0
2013-02-21, 0
2013-03-21, 11.7
2013-04-21, 8.7
2013-05-21, 138.0
2013-06-21, 1.2
2013-07-21, 5.0
2013-08-21, 288.5
2013-09-21, 95.5
2013-10-21, 0
2013-11-21, 3.0
2013-12-21, 1.0
2013-01-22, 0
2013-02-22, 0
2013-03-22, 0
2013-04-22, 0
2013-05-22, 36.0
2013-06-22, 0
2013-07-22, 0
2013-08-22, 309.0
2013-09-22, 22.5
2013-10-22, 0
2013-11-22, 9.0
2013-12-22, 0
2013-01-23, 0
2013-02-23, 0
2013-03-23, 0
2013-04-23, 0
2013-05-23, 56.5
2013-06-23, 7.7
2013-07-23, 22.4
2013-08-23, 21.5
2013-09-23, 16.0
2013-10-23, 0
2013-11-23, 0
2013-12-23, 0
2013-01-24, 0
2013-02-24, 0
2013-03-24, 2.2
2013-04-24, 0
2013-05-24, 0
2013-06-24, 33.0
2013-07-24, 4.0
2013-08-24, 37.0
2013-09-24, 1.5
2013-10-24, 0
2013-11-24, 11.0
2013-12-24, 0
2013-01-25, 0
2013-02-25, 0
2013-03-25, 0
2013-04-25, 16.0
2013-05-25, 11.0
2013-06-25, 11.8
2013-07-25, 9.7
2013-08-25, 7.5
2013-09-25, 0
2013-10-25, 0
2013-11-25, 29.0
2013-12-25, 6.0
2013-01-26, 0
2013-02-26, 0
2013-03-26, 0
2013-04-26, 37.0
2013-05-26, 11.5
2013-06-26, 0
2013-07-26, 27.9
2013-08-26, 12.5
2013-09-26, 0
2013-10-26, 0
2013-11-26, 0
2013-12-26, 1.3
2013-01-27, 0
2013-02-27, 0
2013-03-27, 20.5
2013-04-27, 48.0
2013-05-27, 3.0
2013-06-27, 0
2013-07-27, 1.0
2013-08-27, 0
2013-09-27, 0
2013-10-27, 0
2013-11-27, 0
2013-12-27, 2.5
2013-01-28, 0
2013-02-28, 0
2013-03-28, 7.0
2013-04-28, 1.5
2013-05-28, 0
2013-06-28, 0
2013-07-28, 16.5
2013-08-28, 0
2013-09-28, 0
2013-10-28, 0
2013-11-28, 7.5
2013-12-28, 0
2013-01-29, 0
2013-03-29, 13.0
2013-04-29, 0
2013-05-29, 0.5
2013-06-29, 0
2013-07-29, 0
2013-08-29, 205.5
2013-09-29, 0
2013-10-29, 0
2013-11-29, 2.0
2013-12-29, 0
2013-01-30, 0
2013-03-30, 0
2013-04-30, 31.5
2013-05-30, 53.0
2013-06-30, 0
2013-07-30, 19.5
2013-08-30, 96.5
2013-09-30, 0
2013-10-30, 0
2013-11-30, 0
2013-12-30, 0
2013-01-31, 0
2013-03-31, 3.5
2013-05-31, 0
2013-07-31, 14.0
2013-08-31, 241.0
2013-10-31, 0
2013-12-31, 0
2014-01-01, 0
2014-02-01, 0
2014-03-01, 0
2014-04-01, 0
2014-05-01, 10.7
2014-06-01, 4.5
2014-07-01, 0
2014-08-01, 0
2014-09-01, 10.3
2014-10-01, 0
2014-11-01, 0
2014-12-01, 1.2
2014-01-02, 0
2014-02-02, 30.0
2014-03-02, 0.4
2014-04-02, 24.5
2014-05-02, 6.0
2014-06-02, 0
2014-07-02, 0
2014-08-02, 1.5
2014-09-02, 17.8
2014-10-02, 0
2014-11-02, 0
2014-12-02, 22.0
2014-01-03, 0
2014-02-03, 4.0
2014-03-03, 2.3
2014-04-03, 5.8
2014-05-03, 31.2
2014-06-03, 101.5
2014-07-03, 4.0
2014-08-03, 0
2014-09-03, 53.0
2014-10-03, 0
2014-11-03, 4.4
2014-12-03, 4.4
2014-01-04, 0
2014-02-04, 0.5
2014-03-04, 0
2014-04-04, 13.0
2014-05-04, 5.5
2014-06-04, 13.5
2014-07-04, 21.0
2014-08-04, 45.0
2014-09-04, 20.0
2014-10-04, 0
2014-11-04, 0
2014-12-04, 41.5
2014-01-05, 0
2014-02-05, 0
2014-03-05, 3.0
2014-04-05, 0
2014-05-05, 61.0
2014-06-05, 16.5
2014-07-05, 0
2014-08-05, 59.5
2014-09-05, 0
2014-10-05, 0
2014-11-05, 0
2014-12-05, 10.5
2014-01-06, 0
2014-02-06, 1.5
2014-03-06, 0
2014-04-06, 0
2014-05-06, 108.0
2014-06-06, 132.0
2014-07-06, 2.0
2014-08-06, 0.5
2014-09-06, 1.0
2014-10-06, 0
2014-11-06, 0
2014-12-06, 0
2014-01-07, 0
2014-02-07, 0
2014-03-07, 0
2014-04-07, 12.0
2014-05-07, 29.5
2014-06-07, 35.0
2014-07-07, 0
2014-08-07, 9.0
2014-09-07, 2.8
2014-10-07, 0
2014-11-07, 0
2014-12-07, 0
2014-01-08, 0
2014-02-08, 0
2014-03-08, 0
2014-04-08, 0
2014-05-08, 1.0
2014-06-08, 2.0
2014-07-08, 0.5
2014-08-08, 7.0
2014-09-08, 3.0
2014-10-08, 0
2014-11-08, 0
2014-12-08, 0
2014-01-09, 0
2014-02-09, 2.6
2014-03-09, 0.5
2014-04-09, 0
2014-05-09, 20.5
2014-06-09, 25.0
2014-07-09, 0
2014-08-09, 13.0
2014-09-09, 9.0
2014-10-09, 0
2014-11-09, 0
2014-12-09, 0
2014-01-10, 0
2014-02-10, 38.5
2014-03-10, 0
2014-04-10, 27.6
2014-05-10, 8.5
2014-06-10, 0
2014-07-10, 1.5
2014-08-10, 8.5
2014-09-10, 0
2014-10-10, 0
2014-11-10, 0
2014-12-10, 0
2014-01-11, 0
2014-02-11, 2.0
2014-03-11, 0.3
2014-04-11, 0
2014-05-11, 3.5
2014-06-11, 4.0
2014-07-11, 4.0
2014-08-11, 29.0
2014-09-11, 0
2014-10-11, 0
2014-11-11, 0
2014-12-11, 9.6
2014-01-12, 0
2014-02-12, 0
2014-03-12, 11.0
2014-04-12, 0
2014-05-12, 10.5
2014-06-12, 49.5
2014-07-12, 0
2014-08-12, 52.5
2014-09-12, 33.5
2014-10-12, 0
2014-11-12, 1.7
2014-12-12, 8.5
2014-01-13, 0
2014-02-13, 4.2
2014-03-13, 37.0
2014-04-13, 0
2014-05-13, 28.0
2014-06-13, 41.5
2014-07-13, 0
2014-08-13, 29.5
2014-09-13, 26.5
2014-10-13, 0
2014-11-13, 9.0
2014-12-13, 4.5
2014-01-14, 0
2014-02-14, 7.4
2014-03-14, 0
2014-04-14, 0
2014-05-14, 23.0
2014-06-14, 8.3
2014-07-14, 0.4
2014-08-14, 11.5
2014-09-14, 1.6
2014-10-14, 0
2014-11-14, 7.5
2014-12-14, 0
2014-01-15, 0
2014-02-15, 0.7
2014-03-15, 0
2014-04-15, 0.5
2014-05-15, 5.5
2014-06-15, 12.7
2014-07-15, 0
2014-08-15, 0
2014-09-15, 0
2014-10-15, 0
2014-11-15, 2.2
2014-12-15, 0
2014-01-16, 0
2014-02-16, 0.3
2014-03-16, 0
2014-04-16, 0
2014-05-16, 13.6
2014-06-16, 0.6
2014-07-16, 0
2014-08-16, 0
2014-09-16, 0
2014-10-16, 0
2014-11-16, 0.8
2014-12-16, 0
2014-01-17, 0
2014-02-17, 0
2014-03-17, 0
2014-04-17, 0
2014-05-17, 1.0
2014-06-17, 7.0
2014-07-17, 9.0
2014-08-17, 0
2014-09-17, 0
2014-10-17, 0
2014-11-17, 13.1
2014-12-17, 0
2014-01-18, 0
2014-02-18, 1.5
2014-03-18, 0
2014-04-18, 0
2014-05-18, 40.3
2014-06-18, 0
2014-07-18, 4.0
2014-08-18, 21.7
2014-09-18, 0
2014-10-18, 0
2014-11-18, 0
2014-12-18, 0
2014-01-19, 0
2014-02-19, 19.0
2014-03-19, 0
2014-04-19, 0
2014-05-19, 52.5
2014-06-19, 0
2014-07-19, 1.0
2014-08-19, 1.5
2014-09-19, 0
2014-10-19, 0
2014-11-19, 0
2014-12-19, 13.0
2014-01-20, 0
2014-02-20, 2.5
2014-03-20, 0
2014-04-20, 0
2014-05-20, 215.0
2014-06-20, 0.5
2014-07-20, 0.5
2014-08-20, 4.5
2014-09-20, 2.0
2014-10-20, 0
2014-11-20, 0
2014-12-20, 4.5
2014-01-21, 0.5
2014-02-21, 0
2014-03-21, 1.5
2014-04-21, 0
2014-05-21, 29.0
2014-06-21, 0
2014-07-21, 0
2014-08-21, 0
2014-09-21, 45.0
2014-10-21, 0
2014-11-21, 0
2014-12-21, 0
2014-01-22, 0
2014-02-22, 0
2014-03-22, 0
2014-04-22, 0
2014-05-22, 0.5
2014-06-22, 1.5
2014-07-22, 50.0
2014-08-22, 26.5
2014-09-22, 16.5
2014-10-22, 0
2014-11-22, 0
2014-12-22, 0
2014-01-23, 0
2014-02-23, 0
2014-03-23, 0
2014-04-23, 0
2014-05-23, 3.0
2014-06-23, 1.0
2014-07-23, 463.0
2014-08-23, 14.0
2014-09-23, 19.5
2014-10-23, 1.6
2014-11-23, 0
2014-12-23, 0
2014-01-24, 0
2014-02-24, 0
2014-03-24, 0
2014-04-24, 0
2014-05-24, 2.0
2014-06-24, 3.5
2014-07-24, 2.9
2014-08-24, 14.5
2014-09-24, 5.5
2014-10-24, 0
2014-11-24, 0
2014-12-24, 0
2014-01-25, 0
2014-02-25, 0
2014-03-25, 0
2014-04-25, 0
2014-05-25, 18.5
2014-06-25, 14.5
2014-07-25, 35.0
2014-08-25, 1.5
2014-09-25, 3.5
2014-10-25, 0
2014-11-25, 0
2014-12-25, 10.5
2014-01-26, 0
2014-02-26, 0
2014-03-26, 0
2014-04-26, 1.0
2014-05-26, 1.5
2014-06-26, 0
2014-07-26, 0
2014-08-26, 2.0
2014-09-26, 2.3
2014-10-26, 0
2014-11-26, 0
2014-12-26, 17.5
2014-01-27, 0
2014-02-27, 0
2014-03-27, 16.0
2014-04-27, 0
2014-05-27, 2.5
2014-06-27, 0
2014-07-27, 0.3
2014-08-27, 35.5
2014-09-27, 0
2014-10-27, 0.6
2014-11-27, 0
2014-12-27, 1.2
2014-01-28, 0
2014-02-28, 1.3
2014-03-28, 0
2014-04-28, 0
2014-05-28, 12.0
2014-06-28, 0.4
2014-07-28, 46.0
2014-08-28, 25.0
2014-09-28, 0
2014-10-28, 0
2014-11-28, 0
2014-12-28, 24.0
2014-01-29, 0
2014-03-29, 35.0
2014-04-29, 1.7
2014-05-29, 6.0
2014-06-29, 2.0
2014-07-29, 2.5
2014-08-29, 22.5
2014-09-29, 0
2014-10-29, 0
2014-11-29, 0
2014-12-29, 0
2014-01-30, 0
2014-03-30, 0
2014-04-30, 0.6
2014-05-30, 2.8
2014-06-30, 0.8
2014-07-30, 0
2014-08-30, 3.5
2014-09-30, 0.1
2014-10-30, 0
2014-11-30, 0
2014-12-30, 0
2014-01-31, 0
2014-03-31, 42.5
2014-05-31, 7.3
2014-07-31, 0
2014-08-31, 8.5
2014-10-31, 0
2014-12-31, 0
2015-01-01, 0
2015-02-01, 0
2015-03-01, 0
2015-04-01, 0
2015-05-01, 2.4
2015-06-01, 0.1
2015-07-01, 0
2015-08-01, 0
2015-09-01, 3.0
2015-10-01, 0
2015-11-01, 4.0
2015-12-01, 0
2015-01-02, 0
2015-02-02, 0
2015-03-02, 0
2015-04-02, 0
2015-05-02, 14.5
2015-06-02, 14.0
2015-07-02, 0
2015-08-02, 0
2015-09-02, 15.5
2015-10-02, 0
2015-11-02, 0
2015-12-02, 0
2015-01-03, 0
2015-02-03, 0
2015-03-03, 0.3
2015-04-03, 0
2015-05-03, 6.4
2015-06-03, 13.0
2015-07-03, 0
2015-08-03, 0
2015-09-03, 0
2015-10-03, 0
2015-11-03, 0
2015-12-03, 0
2015-01-04, 0
2015-02-04, 0
2015-03-04, 0
2015-04-04, 0
2015-05-04, 48.0
2015-06-04, 0
2015-07-04, 0
2015-08-04, 0
2015-09-04, 0
2015-10-04, 6.0
2015-11-04, 2.5
2015-12-04, 0
2015-01-05, 0
2015-02-05, 0
2015-03-05, 0
2015-04-05, 0
2015-05-05, 41.0
2015-06-05, 3.5
2015-07-05, 17.0
2015-08-05, 1.0
2015-09-05, 0
2015-10-05, 0
2015-11-05, 0
2015-12-05, 0
2015-01-06, 0
2015-02-06, 0
2015-03-06, 0
2015-04-06, 35.5
2015-05-06, 0.3
2015-06-06, 0
2015-07-06, 0.8
2015-08-06, 0
2015-09-06, 0
2015-10-06, 0
2015-11-06, 0
2015-12-06, 2.6
2015-01-07, 0
2015-02-07, 0
2015-03-07, 0
2015-04-07, 0.5
2015-05-07, 0
2015-06-07, 0
2015-07-07, 2.0
2015-08-07, 5.6
2015-09-07, 12.5
2015-10-07, 0
2015-11-07, 0
2015-12-07, 1.4
2015-01-08, 0
2015-02-08, 1.0
2015-03-08, 0
2015-04-08, 0
2015-05-08, 3.6
2015-06-08, 0
2015-07-08, 6.7
2015-08-08, 401.0
2015-09-08, 9.0
2015-10-08, 4.1
2015-11-08, 0
2015-12-08, 0.3
2015-01-09, 0
2015-02-09, 0
2015-03-09, 0
2015-04-09, 1.2
2015-05-09, 0
2015-06-09, 0
2015-07-09, 0
2015-08-09, 78.0
2015-09-09, 5.5
2015-10-09, 1.2
2015-11-09, 0
2015-12-09, 2.4
2015-01-10, 0
2015-02-10, 0
2015-03-10, 17.5
2015-04-10, 0
2015-05-10, 7.5
2015-06-10, 0
2015-07-10, 39.0
2015-08-10, 0
2015-09-10, 0
2015-10-10, 0.2
2015-11-10, 0
2015-12-10, 47.5
2015-01-11, 0
2015-02-11, 0
2015-03-11, 0.6
2015-04-11, 40.0
2015-05-11, 1.0
2015-06-11, 0
2015-07-11, 92.0
2015-08-11, 0
2015-09-11, 0
2015-10-11, 1.9
2015-11-11, 1.6
2015-12-11, 0
2015-01-12, 0
2015-02-12, 0
2015-03-12, 2.2
2015-04-12, 7.7
2015-05-12, 4.2
2015-06-12, 0
2015-07-12, 1.1
2015-08-12, 0.6
2015-09-12, 0
2015-10-12, 0.8
2015-11-12, 0
2015-12-12, 0
2015-01-13, 0
2015-02-13, 0
2015-03-13, 0
2015-04-13, 0.1
2015-05-13, 0.5
2015-06-13, 0
2015-07-13, 33.0
2015-08-13, 55.5
2015-09-13, 0
2015-10-13, 0.9
2015-11-13, 0
2015-12-13, 0
2015-01-14, 15.5
2015-02-14, 0
2015-03-14, 0
2015-04-14, 0
2015-05-14, 0
2015-06-14, 0.3
2015-07-14, 0.5
2015-08-14, 44.0
2015-09-14, 0
2015-10-14, 0
2015-11-14, 0
2015-12-14, 0
2015-01-15, 0
2015-02-15, 0.1
2015-03-15, 0
2015-04-15, 0
2015-05-15, 0
2015-06-15, 0
2015-07-15, 4.5
2015-08-15, 25.2
2015-09-15, 0
2015-10-15, 0
2015-11-15, 0
2015-12-15, 0
2015-01-16, 0
2015-02-16, 23.2
2015-03-16, 0
2015-04-16, 0
2015-05-16, 0
2015-06-16, 0
2015-07-16, 4.5
2015-08-16, 48.0
2015-09-16, 0.4
2015-10-16, 0
2015-11-16, 0
2015-12-16, 0
2015-01-17, 0
2015-02-17, 0
2015-03-17, 0
2015-04-17, 0
2015-05-17, 0
2015-06-17, 0
2015-07-17, 33.5
2015-08-17, 28.5
2015-09-17, 10.5
2015-10-17, 0
2015-11-17, 0
2015-12-17, 0
2015-01-18, 0
2015-02-18, 0
2015-03-18, 0
2015-04-18, 0
2015-05-18, 0
2015-06-18, 0
2015-07-18, 2.5
2015-08-18, 4.5
2015-09-18, 0
2015-10-18, 0
2015-11-18, 0
2015-12-18, 0
2015-01-19, 0
2015-02-19, 0
2015-03-19, 0
2015-04-19, 0
2015-05-19, 0
2015-06-19, 1.5
2015-07-19, 33.5
2015-08-19, 4.0
2015-09-19, 0
2015-10-19, 0
2015-11-19, 0
2015-12-19, 0
2015-01-20, 2.5
2015-02-20, 0
2015-03-20, 0
2015-04-20, 0
2015-05-20, 14.5
2015-06-20, 7.0
2015-07-20, 12.0
2015-08-20, 0
2015-09-20, 0
2015-10-20, 8.0
2015-11-20, 0
2015-12-20, 0
2015-01-21, 3.5
2015-02-21, 28.0
2015-03-21, 0
2015-04-21, 32.0
2015-05-21, 28.5
2015-06-21, 2.9
2015-07-21, 0
2015-08-21, 0
2015-09-21, 6.0
2015-10-21, 3.0
2015-11-21, 1.5
2015-12-21, 0.1
2015-01-22, 0
2015-02-22, 2.8
2015-03-22, 0
2015-04-22, 0
2015-05-22, 70.0
2015-06-22, 0.1
2015-07-22, 15.0
2015-08-22, 1.8
2015-09-22, 3.4
2015-10-22, 8.6
2015-11-22, 0
2015-12-22, 2.1
2015-01-23, 0
2015-02-23, 0
2015-03-23, 17.0
2015-04-23, 0
2015-05-23, 121.0
2015-06-23, 3.6
2015-07-23, 2.4
2015-08-23, 14.5
2015-09-23, 10.6
2015-10-23, 0.6
2015-11-23, 0
2015-12-23, 0
2015-01-24, 0
2015-02-24, 0
2015-03-24, 0
2015-04-24, 0
2015-05-24, 290.0
2015-06-24, 1.4
2015-07-24, 0
2015-08-24, 19.6
2015-09-24, 0
2015-10-24, 0
2015-11-24, 0
2015-12-24, 0
2015-01-25, 0
2015-02-25, 0
2015-03-25, 3.1
2015-04-25, 0
2015-05-25, 121.5
2015-06-25, 0
2015-07-25, 1.6
2015-08-25, 30.0
2015-09-25, 3.1
2015-10-25, 0
2015-11-25, 1.5
2015-12-25, 0.1
2015-01-26, 0
2015-02-26, 0
2015-03-26, 0
2015-04-26, 6.5
2015-05-26, 99.5
2015-06-26, 0
2015-07-26, 13.0
2015-08-26, 30.0
2015-09-26, 0
2015-10-26, 0
2015-11-26, 0
2015-12-26, 0
2015-01-27, 2.5
2015-02-27, 0
2015-03-27, 0.3
2015-04-27, 0
2015-05-27, 56.0
2015-06-27, 0.8
2015-07-27, 23.0
2015-08-27, 49.0
2015-09-27, 0
2015-10-27, 0
2015-11-27, 0
2015-12-27, 0.1
2015-01-28, 0
2015-02-28, 0
2015-03-28, 0
2015-04-28, 0
2015-05-28, 1.5
2015-06-28, 0
2015-07-28, 48.0
2015-08-28, 27.5
2015-09-28, 336.0
2015-10-28, 0
2015-11-28, 0
2015-12-28, 0.2
2015-01-29, 0
2015-03-29, 0
2015-04-29, 0
2015-05-29, 19.5
2015-06-29, 0
2015-07-29, 25.5
2015-08-29, 67.0
2015-09-29, 160.0
2015-10-29, 0
2015-11-29, 0
2015-12-29, 0
2015-01-30, 0
2015-03-30, 0
2015-04-30, 0
2015-05-30, 9.0
2015-06-30, 0
2015-07-30, 2.0
2015-08-30, 30.0
2015-09-30, 0
2015-10-30, 1.6
2015-11-30, 0
2015-12-30, 0
2015-01-31, 0
2015-03-31, 0
2015-05-31, 42.4
2015-07-31, 37.5
2015-08-31, 19.0
2015-10-31, 3.5
2015-12-31, 0
2016-01-01, 0
2016-02-01, 2.0
2016-03-01, 0
2016-04-01, 0
2016-05-01, 1.8
2016-06-01, 0
2016-07-01, 3.4
2016-08-01, 7.5
2016-09-01, 0
2016-10-01, 8.0
2016-11-01, 0
2016-12-01, 0
2016-01-02, 7.5
2016-02-02, 3.5
2016-03-02, 0
2016-04-02, 0
2016-05-02, 0
2016-06-02, 0
2016-07-02, 20.5
2016-08-02, 1.0
2016-09-02, 22.1
2016-10-02, 2.0
2016-11-02, 0
2016-12-02, 0
2016-01-03, 98.0
2016-02-03, 0
2016-03-03, 0
2016-04-03, 0
2016-05-03, 0
2016-06-03, 0
2016-07-03, 0.5
2016-08-03, 0
2016-09-03, 6.5
2016-10-03, 0
2016-11-03, 0
2016-12-03, 0
2016-01-04, 7.3
2016-02-04, 2.4
2016-03-04, 0
2016-04-04, 0
2016-05-04, 6.0
2016-06-04, 0
2016-07-04, 5.0
2016-08-04, 6.5
2016-09-04, 7.5
2016-10-04, 0
2016-11-04, 0
2016-12-04, 0
2016-01-05, 0
2016-02-05, 26.0
2016-03-05, 0.2
2016-04-05, 0
2016-05-05, 0
2016-06-05, 29.5
2016-07-05, 0
2016-08-05, 0.5
2016-09-05, 36.0
2016-10-05, 0
2016-11-05, 0
2016-12-05, 0
2016-01-06, 14.5
2016-02-06, 0
2016-03-06, 0
2016-04-06, 0
2016-05-06, 0
2016-06-06, 7.4
2016-07-06, 0.1
2016-08-06, 0
2016-09-06, 36.0
2016-10-06, 4.6
2016-11-06, 0
2016-12-06, 0
2016-01-07, 1.0
2016-02-07, 0
2016-03-07, 0
2016-04-07, 0
2016-05-07, 0
2016-06-07, 26.0
2016-07-07, 0
2016-08-07, 0.8
2016-09-07, 88.0
2016-10-07, 32.0
2016-11-07, 0
2016-12-07, 0
2016-01-08, 13.5
2016-02-08, 0
2016-03-08, 0
2016-04-08, 0
2016-05-08, 0
2016-06-08, 5.0
2016-07-08, 35.5
2016-08-08, 0
2016-09-08, 8.5
2016-10-08, 28.5
2016-11-08, 0
2016-12-08, 0
2016-01-09, 0
2016-02-09, 0
2016-03-09, 4.5
2016-04-09, 0
2016-05-09, 0
2016-06-09, 15.2
2016-07-09, 29.5
2016-08-09, 13.0
2016-09-09, 14.5
2016-10-09, 15.5
2016-11-09, 0
2016-12-09, 0
2016-01-10, 0
2016-02-10, 0
2016-03-10, 55.2
2016-04-10, 40.3
2016-05-10, 1.6
2016-06-10, 6.0
2016-07-10, 24.5
2016-08-10, 0.3
2016-09-10, 4.5
2016-10-10, 1.2
2016-11-10, 7.2
2016-12-10, 0
2016-01-11, 36.1
2016-02-11, 15.0
2016-03-11, 47.0
2016-04-11, 31.5
2016-05-11, 15.0
2016-06-11, 140.0
2016-07-11, 30.0
2016-08-11, 19.1
2016-09-11, 0
2016-10-11, 28.0
2016-11-11, 0
2016-12-11, 0
2016-01-12, 0
2016-02-12, 2.4
2016-03-12, 10.0
2016-04-12, 10.0
2016-05-12, 0.3
2016-06-12, 144.6
2016-07-12, 33.5
2016-08-12, 52.8
2016-09-12, 0
2016-10-12, 0
2016-11-12, 0
2016-12-12, 0
2016-01-13, 3.0
2016-02-13, 0
2016-03-13, 50.0
2016-04-13, 54.1
2016-05-13, 40.0
2016-06-13, 110.1
2016-07-13, 20.0
2016-08-13, 2.0
2016-09-13, 0
2016-10-13, 0.9
2016-11-13, 0
2016-12-13, 0
2016-01-14, 0
2016-02-14, 0
2016-03-14, 41.2
2016-04-14, 48.1
2016-05-14, 31.5
2016-06-14, 20.4
2016-07-14, 4.5
2016-08-14, 0
2016-09-14, 94.5
2016-10-14, 0
2016-11-14, 0
2016-12-14, 0
2016-01-15, 20.5
2016-02-15, 7.1
2016-03-15, 17.8
2016-04-15, 57.5
2016-05-15, 2.9
2016-06-15, 0
2016-07-15, 0
2016-08-15, 7.0
2016-09-15, 35.5
2016-10-15, 0
2016-11-15, 0
2016-12-15, 0
2016-01-16, 10.5
2016-02-16, 8.5
2016-03-16, 1.7
2016-04-16, 0
2016-05-16, 2.0
2016-06-16, 0
2016-07-16, 0
2016-08-16, 64.5
2016-09-16, 0.3
2016-10-16, 0
2016-11-16, 0
2016-12-16, 1.4
2016-01-17, 36.0
2016-02-17, 0.8
2016-03-17, 0
2016-04-17, 0
2016-05-17, 10.5
2016-06-17, 1.8
2016-07-17, 1.0
2016-08-17, 42.5
2016-09-17, 208.0
2016-10-17, 0.6
2016-11-17, 0
2016-12-17, 0
2016-01-18, 0
2016-02-18, 1.2
2016-03-18, 0
2016-04-18, 19.5
2016-05-18, 0
2016-06-18, 0
2016-07-18, 1.0
2016-08-18, 4.5
2016-09-18, 12.5
2016-10-18, 0
2016-11-18, 0.4
2016-12-18, 0
2016-01-19, 0
2016-02-19, 0
2016-03-19, 9.1
2016-04-19, 0
2016-05-19, 0
2016-06-19, 14.5
2016-07-19, 27.5
2016-08-19, 34.5
2016-09-19, 8.5
2016-10-19, 0
2016-11-19, 0
2016-12-19, 0
2016-01-20, 2.8
2016-02-20, 10.3
2016-03-20, 8.6
2016-04-20, 0
2016-05-20, 0
2016-06-20, 23.0
2016-07-20, 0
2016-08-20, 7.5
2016-09-20, 0
2016-10-20, 1.5
2016-11-20, 0.4
2016-12-20, 0
2016-01-21, 3.4
2016-02-21, 0.8
2016-03-21, 19.5
2016-04-21, 5.5
2016-05-21, 11.5
2016-06-21, 3.5
2016-07-21, 0.7
2016-08-21, 0.4
2016-09-21, 0
2016-10-21, 5.3
2016-11-21, 0.4
2016-12-21, 0
2016-01-22, 4.5
2016-02-22, 3.0
2016-03-22, 11.5
2016-04-22, 0.7
2016-05-22, 37.0
2016-06-22, 16.5
2016-07-22, 0
2016-08-22, 0
2016-09-22, 2.3
2016-10-22, 0
2016-11-22, 6.3
2016-12-22, 0
2016-01-23, 48.0
2016-02-23, 8.3
2016-03-23, 21.5
2016-04-23, 0
2016-05-23, 10.0
2016-06-23, 54.0
2016-07-23, 0
2016-08-23, 0
2016-09-23, 23.5
2016-10-23, 0.5
2016-11-23, 28.0
2016-12-23, 0
2016-01-24, 18.0
2016-02-24, 0
2016-03-24, 64.0
2016-04-24, 3.4
2016-05-24, 11.0
2016-06-24, 22.0
2016-07-24, 0
2016-08-24, 0
2016-09-24, 0
2016-10-24, 0.3
2016-11-24, 0
2016-12-24, 0
2016-01-25, 0
2016-02-25, 0.1
2016-03-25, 48.0
2016-04-25, 1.9
2016-05-25, 0
2016-06-25, 0.8
2016-07-25, 0
2016-08-25, 0
2016-09-25, 0
2016-10-25, 0
2016-11-25, 0
2016-12-25, 0
2016-01-26, 0
2016-02-26, 0
2016-03-26, 0
2016-04-26, 0
2016-05-26, 3.4
2016-06-26, 0.6
2016-07-26, 26.0
2016-08-26, 0
2016-09-26, 0
2016-10-26, 0
2016-11-26, 0
2016-12-26, 0
2016-01-27, 1.5
2016-02-27, 0
2016-03-27, 0
2016-04-27, 2.0
2016-05-27, 7.8
2016-06-27, 0
2016-07-27, 0
2016-08-27, 0
2016-09-27, 327.0
2016-10-27, 0
2016-11-27, 56.5
2016-12-27, 0
2016-01-28, 13.6
2016-02-28, 0
2016-03-28, 0
2016-04-28, 16.5
2016-05-28, 0.2
2016-06-28, 4.0
2016-07-28, 15.5
2016-08-28, 3.5
2016-09-28, 174.9
2016-10-28, 0
2016-11-28, 0
2016-12-28, 26.0
2016-01-29, 54.0
2016-02-29, 0
2016-03-29, 0
2016-04-29, 0
2016-05-29, 4.0
2016-06-29, 0
2016-07-29, 7.5
2016-08-29, 10.3
2016-09-29, 2.1
2016-10-29, 0
2016-11-29, 2.5
2016-12-29, 6.2
2016-01-30, 29.0
2016-03-30, 0
2016-04-30, 0
2016-05-30, 0
2016-06-30, 1.6
2016-07-30, 0
2016-08-30, 17.5
2016-09-30, 17.0
2016-10-30, 0
2016-11-30, 16.0
2016-12-30, 0
2016-01-31, 0
2016-03-31, 0
2016-05-31, 5.5
2016-07-31, 2.0
2016-08-31, 4.5
2016-10-31, 0
2016-12-31, 0
